tname,year,HomeRun
Seattle Mariners,1997,264
Texas Rangers,2005,260
Baltimore Orioles,1996,257
Toronto Blue Jays,2010,257
Baltimore Orioles,2016,253
Houston Astros,2000,249
Texas Rangers,2001,246
Seattle Mariners,1996,245
New York Yankees,2012,245
New York Yankees,2009,244
Seattle Mariners,1999,244
Toronto Blue Jays,2000,244
Oakland Athletics,1996,243
New York Yankees,2004,242
Chicago White Sox,2004,242
New York Yankees,1961,240
Colorado Rockies,1997,239
Texas Rangers,2003,239
Oakland Athletics,2000,239
Boston Red Sox,2003,238
Anaheim Angels,2000,236
Chicago White Sox,2006,236
Chicago White Sox,2008,235
Atlanta Braves,2003,235
St. Louis Cardinals,2000,235
San Francisco Giants,2001,235
Oakland Athletics,1999,235
Chicago Cubs,2004,235
Seattle Mariners,1998,234
Toronto Blue Jays,2015,232
Milwaukee Brewers,2007,231
Texas Rangers,1999,230
Texas Rangers,2002,230
New York Yankees,2003,230
Houston Astros,2015,230
New York Yankees,2005,229
Texas Rangers,2004,227
San Francisco Giants,2000,226
Minnesota Twins,1963,225
Detroit Tigers,1987,225
St. Louis Cardinals,2016,225
Philadelphia Phillies,2009,224
Texas Rangers,2009,224
St. Louis Cardinals,1998,223
Colorado Rockies,1999,223
New York Yankees,2002,223
Seattle Mariners,2016,223
New York Yankees,2011,222
Boston Red Sox,2004,222
Cincinnati Reds,2005,222
Atlanta Braves,2006,222
Colorado Rockies,1996,221
Cleveland Indians,2000,221
Texas Rangers,1996,221
Toronto Blue Jays,1998,221
Minnesota Twins,1964,221
Toronto Blue Jays,2016,221
Cincinnati Redlegs,1956,221
New York Giants,1947,221
Chicago White Sox,2003,220
Cleveland Indians,1997,220
Cleveland Indians,1996,218
New York Mets,2016,218
Baltimore Orioles,2015,217
Chicago White Sox,2002,217
Cincinnati Reds,2006,217
Chicago White Sox,2000,216
Philadelphia Phillies,2006,216
Arizona Diamondbacks,1999,216
Milwaukee Brewers,1982,216
Tampa Bay Rays,2016,216
Texas Rangers,2016,215
Toronto Blue Jays,1987,215
Atlanta Braves,1998,215
Philadelphia Phillies,2004,215
Baltimore Orioles,1998,214
St. Louis Cardinals,2004,214
Chicago White Sox,2001,214
Philadelphia Phillies,2008,214
Baltimore Orioles,2012,214
Baltimore Orioles,1985,214
Boston Red Sox,1977,213
Philadelphia Phillies,2007,213
Colorado Rockies,2001,213
Boston Red Sox,2009,212
Cleveland Indians,2001,212
Chicago Cubs,1998,212
Toronto Blue Jays,1999,212
Detroit Tigers,1999,212
Baltimore Orioles,2013,212
New York Yankees,2015,212
Baltimore Orioles,2014,211
Chicago White Sox,2012,211
Detroit Tigers,2016,211
Baltimore Orioles,1987,211
Boston Red Sox,2010,211
Los Angeles Dodgers,2000,211
New York Yankees,2006,210
Texas Rangers,2011,210
Milwaukee Brewers,2001,209
Boston Red Sox,1996,209
Detroit Tigers,1991,209
Toronto Blue Jays,2009,209
Cincinnati Reds,1999,209
Cleveland Indians,1999,209
Detroit Tigers,1962,209
Chicago Cubs,1987,209
Brooklyn Dodgers,1953,208
Boston Red Sox,2016,208
Arizona Diamondbacks,2001,208
Houston Astros,2001,208
Florida Marlins,2008,208
New York Yankees,1998,207
Cleveland Indians,2005,207
Cleveland Indians,1995,207
Atlanta Braves,1966,207
Atlanta Braves,1973,206
Los Angeles Dodgers,2001,206
San Francisco Giants,1987,205
Oakland Athletics,2002,205
Boston Red Sox,1998,205
New York Yankees,2000,205
Cincinnati Reds,2007,204
Detroit Tigers,1996,204
San Francisco Giants,1962,204
Colorado Rockies,2016,204
Boston Red Sox,2011,203
Washington Nationals,2016,203
Detroit Tigers,2006,203
Los Angeles Dodgers,2004,203
Baltimore Orioles,1999,203
New York Yankees,2001,203
Milwaukee Brewers,1980,203
Boston Red Sox,1970,203
Detroit Tigers,1985,202
Milwaukee Brewers,2012,202
Colorado Rockies,2004,202
New York Yankees,2007,201
Texas Rangers,1998,201
Florida Marlins,2007,201
New York Yankees,2010,201
Detroit Tigers,2004,201
Brooklyn Dodgers,1955,201
New York Mets,2006,200
Detroit Tigers,2008,200
Chicago Cubs,2002,200
Colorado Rockies,1995,200
Cincinnati Reds,2000,200
Chicago White Sox,2005,200
Texas Rangers,2012,200
Minnesota Twins,2016,200
Chicago Cubs,2016,199
New York Yankees,1962,199
Milwaukee Braves,1957,199
Oakland Athletics,1987,199
Oakland Athletics,2001,199
Tampa Bay Rays,2009,199
St. Louis Cardinals,2001,199
Boston Red Sox,2005,199
Toronto Blue Jays,2006,199
Boston Red Sox,2001,198
Seattle Mariners,2000,198
New York Mets,2000,198
San Francisco Giants,2002,198
Cleveland Indians,1998,198
Colorado Rockies,2003,198
Milwaukee Brewers,2008,198
Chicago White Sox,1998,198
Seattle Mariners,2015,198
Houston Astros,2016,198
Toronto Blue Jays,2012,198
Detroit Tigers,1986,198
Boston Red Sox,1969,197
San Francisco Giants,1963,197
Atlanta Braves,1999,197
Oakland Athletics,1997,197
Atlanta Braves,1996,197
Milwaukee Brewers,2003,196
Cleveland Indians,2006,196
Baltimore Orioles,1997,196
St. Louis Cardinals,2003,196
Milwaukee Braves,1965,196
New York Yankees,1987,196
Minnesota Twins,1986,196
Minnesota Twins,1987,196
Oakland Athletics,2012,195
Toronto Blue Jays,2001,195
Chicago White Sox,1996,195
Chicago Cubs,2005,194
Cincinnati Reds,2004,194
Chicago Cubs,2001,194
St. Louis Cardinals,1999,194
Texas Rangers,1987,194
Texas Rangers,2008,194
Boston Red Sox,1979,194
Washington Nationals,2012,194
Milwaukee Brewers,2016,194
Brooklyn Dodgers,1950,194
New York Yankees,1999,193
New York Yankees,1960,193
New York Mets,1987,192
Chicago White Sox,1977,192
Cincinnati Reds,1987,192
Cleveland Indians,2002,192
California Angels,1996,192
Boston Red Sox,2006,192
Minnesota Twins,2004,191
Houston Astros,2003,191
Arizona Diamondbacks,2005,191
Cincinnati Reds,1996,191
Los Angeles Dodgers,1977,191
Cincinnati Reds,1970,191
Baltimore Orioles,2011,191
Arizona Diamondbacks,2016,190
New York Yankees,1956,190
Chicago White Sox,2007,190
Colorado Rockies,2009,190
Toronto Blue Jays,2003,190
Tampa Bay Devil Rays,2006,190
Chicago Cubs,1999,189
Baltimore Orioles,2005,189
Oakland Athletics,2004,189
Los Angeles Dodgers,2016,189
New York Yankees,1980,189
Los Angeles Angels,1961,189
Milwaukee Braves,1961,188
New York Yankees,1963,188
New York Yankees,1986,188
San Francisco Giants,1999,188
Cincinnati Reds,2010,188
Seattle Mariners,2013,188
Los Angeles Angels of Anaheim,2012,187
Los Angeles Dodgers,2015,187
Cincinnati Redlegs,1957,187
Cleveland Indians,1987,187
Detroit Tigers,1984,187
Tampa Bay Devil Rays,2007,187
Houston Astros,2004,187
Cincinnati Reds,2008,187
Texas Rangers,1997,187
Toronto Blue Jays,2002,187
Los Angeles Dodgers,1999,187
California Angels,1995,186
Toronto Blue Jays,2011,186
Oakland Athletics,2013,186
Colorado Rockies,2014,186
Colorado Rockies,2015,186
Brooklyn Dodgers,1954,186
New York Giants,1954,186
California Angels,1982,186
Boston Red Sox,1964,186
Philadelphia Phillies,1977,186
Detroit Tigers,1968,185
Milwaukee Brewers,1979,185
Minnesota Twins,1962,185
New York Mets,2004,185
Boston Red Sox,1997,185
Cleveland Indians,2016,185
Toronto Blue Jays,2013,185
Milwaukee Brewers,2011,185
New York Yankees,1977,184
Texas Rangers,1986,184
Chicago White Sox,2009,184
Cleveland Indians,2004,184
Chicago Cubs,2008,184
Baltimore Orioles,2000,184
St. Louis Cardinals,2006,184
Atlanta Braves,2005,184
Brooklyn Dodgers,1951,184
New York Yankees,2016,183
Cincinnati Reds,2011,183
San Francisco Giants,1961,183
Cleveland Indians,1970,183
Los Angeles Dodgers,1979,183
Cincinnati Reds,1965,183
Colorado Rockies,1998,183
Detroit Tigers,2009,183
Texas Rangers,2006,183
Chicago Cubs,2000,183
San Francisco Giants,2004,183
Cincinnati Reds,2003,182
Florida Marlins,2006,182
Milwaukee Brewers,2010,182
Detroit Tigers,1992,182
Seattle Mariners,1995,182
Milwaukee Brewers,2009,182
Milwaukee Braves,1955,182
New York Yankees,1936,182
Chicago Cubs,1958,182
Detroit Tigers,1969,182
Boston Red Sox,1984,181
Toronto Blue Jays,1986,181
Baltimore Orioles,1979,181
San Francisco Giants,1966,181
Milwaukee Braves,1962,181
Cincinnati Reds,1977,181
Atlanta Braves,2013,181
New York Mets,1999,181
Texas Rangers,1993,181
Cincinnati Redlegs,1955,181
Cleveland Indians,1962,180
Detroit Tigers,1961,180
Milwaukee Brewers,2006,180
San Francisco Giants,2003,180
Arizona Diamondbacks,2010,180
Tampa Bay Rays,2008,180
New York Yankees,2008,180
Texas Rangers,2007,179
Atlanta Braves,2000,179
Arizona Diamondbacks,2000,179
Brooklyn Dodgers,1956,179
New York Giants,1951,179
Detroit Tigers,1966,179
Baltimore Orioles,1982,179
Chicago Cubs,1970,179
Detroit Tigers,1971,179
Baltimore Orioles,1970,179
Boston Red Sox,2013,178
Milwaukee Brewers,1996,178
Montreal Expos,2000,178
Detroit Tigers,1993,178
New York Yankees,1993,178
Cleveland Indians,2007,178
Atlanta Braves,2004,178
New York Mets,2007,177
Detroit Tigers,2007,177
Milwaukee Brewers,2000,177
Toronto Blue Jays,1996,177
Detroit Tigers,2000,177
Chicago White Sox,2010,177
Boston Red Sox,2002,177
Texas Rangers,1991,177
Detroit Tigers,1982,177
Milwaukee Braves,1959,177
Toronto Blue Jays,2014,177
San Diego Padres,2016,177
New York Mets,2015,177
Washington Nationals,2015,177
Milwaukee Braves,1956,177
New York Giants,1953,176
Boston Red Sox,1999,176
Oakland Athletics,2003,176
Detroit Tigers,1997,176
Atlanta Braves,2007,176
Cincinnati Reds,2001,176
New York Yankees,1985,176
Chicago Cubs,1961,176
Texas Rangers,2013,176
Los Angeles Angels of Anaheim,2015,176
Detroit Tigers,2013,176
Tampa Bay Rays,2012,175
New York Yankees,1955,175
Chicago Cubs,1996,175
St. Louis Cardinals,2002,175
New York Mets,2005,175
Oakland Athletics,2006,175
Milwaukee Brewers,2005,175
Boston Red Sox,1995,175
Baltimore Orioles,1966,175
Baltimore Orioles,1969,175
Boston Red Sox,1987,174
New York Yankees,1938,174
New York Yankees,1937,174
Houston Astros,2006,174
Atlanta Braves,2001,174
St. Louis Cardinals,2008,174
Atlanta Braves,1997,174
Los Angeles Dodgers,1997,174
Baltimore Orioles,1995,173
Colorado Rockies,2010,173
Arizona Diamondbacks,2009,173
Los Angeles Angels of Anaheim,2009,173
Texas Rangers,2000,173
Boston Red Sox,2008,173
Atlanta Braves,2011,173
Milwaukee Brewers,1978,173
Chicago White Sox,1987,173
Boston Red Sox,1978,172
San Diego Padres,1970,172
Chicago White Sox,1984,172
California Angels,1987,172
Seattle Mariners,2006,172
New York Mets,2008,172
New York Mets,1990,172
Chicago Cubs,2003,172
Detroit Tigers,1990,172
San Francisco Giants,1997,172
Baltimore Orioles,2008,172
Montreal Expos,1997,172
Minnesota Twins,2009,172
Tampa Bay Rays,2011,172
Texas Rangers,2015,172
Chicago Cubs,2013,172
Cincinnati Reds,2012,172
Arizona Diamondbacks,2011,172
Philadelphia Athletics,1932,172
Los Angeles Dodgers,1958,172
Chicago Cubs,1930,171
Oakland Athletics,1970,171
Boston Red Sox,1963,171
Seattle Mariners,1985,171
Cincinnati Reds,1969,171
Pittsburgh Pirates,1999,171
Oakland Athletics,2007,171
Cleveland Indians,2008,171
Arizona Diamondbacks,2007,171
San Diego Padres,2007,171
Colorado Rockies,2007,171
Cleveland Indians,2013,171
Chicago Cubs,2015,171
Pittsburgh Pirates,2012,170
San Francisco Giants,1958,170
Milwaukee Braves,1960,170
St. Louis Cardinals,2005,170
Baltimore Orioles,1991,170
Baltimore Orioles,2004,169
Cincinnati Reds,2002,169
Seattle Mariners,2001,169
Atlanta Braves,1993,169
Philadelphia Phillies,1987,169
Oakland Athletics,1995,169
New York Giants,1955,169
Detroit Tigers,2011,169
Oakland Athletics,2016,169
Cleveland Indians,1963,169
Baltimore Orioles,1986,169
Kansas City Royals,1987,168
Baltimore Orioles,1983,168
Houston Astros,1999,168
Detroit Tigers,2005,168
Atlanta Braves,1995,168
San Francisco Giants,1993,168
Pittsburgh Pirates,2000,168
Chicago White Sox,2016,168
Tampa Bay Rays,2015,167
Cincinnati Reds,2015,167
Milwaukee Braves,1958,167
Cincinnati Reds,1962,167
Toronto Blue Jays,1983,167
Cleveland Indians,1959,167
Minnesota Twins,1961,167
California Angels,1986,167
San Francisco Giants,1959,167
Boston Red Sox,2000,167
Philadelphia Phillies,2005,167
Cleveland Indians,1994,167
Toronto Blue Jays,1990,167
Houston Astros,2007,167
Houston Astros,2008,167
Houston Astros,2002,167
Minnesota Twins,2002,167
San Diego Padres,1998,167
Boston Red Sox,2007,166
Philadelphia Phillies,2010,166
Chicago Cubs,2006,166
Houston Astros,1998,166
Florida Marlins,2001,166
Philadelphia Phillies,2003,166
Colorado Rockies,2012,166
Cincinnati Reds,1953,166
New York Yankees,1939,166
Kansas City Athletics,1957,166
Detroit Tigers,1977,166
Kansas City Athletics,1964,166
Boston Red Sox,1965,165
San Francisco Giants,1964,165
San Francisco Giants,1970,165
Arizona Diamondbacks,2002,165
Detroit Tigers,1998,165
Philadelphia Phillies,2002,165
Milwaukee Brewers,1999,165
Toronto Blue Jays,2007,165
Baltimore Orioles,2002,165
Tampa Bay Rays,2013,165
Arizona Diamondbacks,2012,165
Boston Red Sox,2012,165
Cincinnati Reds,2016,164
Los Angeles Angels of Anaheim,2013,164
Detroit Tigers,1979,164
Cleveland Indians,1964,164
California Angels,1979,164
Minnesota Twins,2001,164
Cincinnati Reds,1991,164
Baltimore Orioles,2006,164
Atlanta Braves,2002,164
Washington Nationals,2006,164
Oakland Athletics,1990,164
Philadelphia Phillies,2001,164
Chicago Cubs,1955,164
New York Yankees,1958,164
Cleveland Indians,1950,164
New York Giants,1948,164
Colorado Rockies,2011,163
Detroit Tigers,2012,163
Houston Astros,2014,163
Minnesota Twins,1969,163
Oakland Athletics,1986,163
Washington Senators,1959,163
Milwaukee Brewers,1987,163
Chicago Cubs,1959,163
Montreal Expos,1999,163
Pittsburgh Pirates,2003,163
San Francisco Giants,2006,163
New York Yankees,1992,163
Toronto Blue Jays,1992,163
Chicago White Sox,1999,162
Kansas City Royals,2003,162
Montreal Expos,2002,162
Chicago White Sox,1993,162
Anaheim Angels,2004,162
Tampa Bay Devil Rays,2000,162
Atlanta Braves,1990,162
New York Yankees,1996,162
San Francisco Giants,2010,162
St. Louis Cardinals,2011,162
Texas Rangers,2010,162
Boston Red Sox,1985,162
Detroit Tigers,1965,162
Boston Red Sox,1980,162
New York Yankees,1966,162
Baltimore Orioles,1964,162
New York Yankees,1964,162
New York Yankees,1982,161
Cincinnati Redlegs,1959,161
Boston Red Sox,1971,161
San Francisco Giants,1973,161
Boston Red Sox,1950,161
Chicago Cubs,1950,161
Cleveland Indians,1958,161
Colorado Rockies,2000,161
Seattle Mariners,1993,161
Pittsburgh Pirates,2001,161
Chicago Cubs,2009,161
San Francisco Giants,1998,161
San Diego Padres,2001,161
Philadelphia Phillies,1999,161
Cincinnati Reds,1995,161
Chicago Cubs,1993,161
Seattle Mariners,1987,161
Detroit Tigers,1994,161
Houston Astros,2005,161
San Diego Padres,2006,161
Cleveland Indians,2009,161
Anaheim Angels,1997,161
New York Yankees,1997,161
Pittsburgh Pirates,2013,161
Boston Red Sox,2015,161
Washington Nationals,2013,161
Philadelphia Phillies,2016,161
Tampa Bay Rays,2010,160
Oakland Athletics,1971,160
Baltimore Orioles,1984,160
Atlanta Braves,1970,160
Detroit Tigers,1959,160
Cleveland Indians,1953,160
New York Yankees,1932,160
Colorado Rockies,2008,160
St. Louis Cardinals,2009,160
Seattle Mariners,2009,160
Florida Marlins,2000,160
Baltimore Orioles,2009,160
Arizona Diamondbacks,2006,160
New York Mets,2002,160
Detroit Tigers,1995,159
Arizona Diamondbacks,1998,159
Chicago Cubs,1991,159
Los Angeles Angels of Anaheim,2006,159
Florida Marlins,2009,159
Oakland Athletics,1991,159
Arizona Diamondbacks,2008,159
Texas Rangers,1992,159
Toronto Blue Jays,1993,159
Los Angeles Dodgers,1998,159
Los Angeles Angels of Anaheim,2008,159
St. Louis Cardinals,2012,159
Colorado Rockies,2013,159
San Francisco Giants,1965,159
Milwaukee Braves,1964,159
Chicago Cubs,1954,159
New York Yankees,1950,159
New York Yankees,1927,158
Oakland Athletics,1993,158
Anaheim Angels,1999,158
Chicago White Sox,1997,158
Kansas City Royals,1997,158
Cleveland Indians,2003,158
Anaheim Angels,2001,158
Cincinnati Reds,2009,158
Toronto Blue Jays,1988,158
New York Mets,1993,158
Chicago Cubs,1995,158
Philadelphia Phillies,2012,158
Toronto Blue Jays,1985,158
Baltimore Orioles,1971,158
Pittsburgh Pirates,1966,158
Cincinnati Reds,1961,158
Seattle Mariners,1986,158
Boston Red Sox,1967,158
Cleveland Indians,1973,158
Atlanta Braves,1967,158
Oakland Athletics,1984,158
Chicago White Sox,1983,157
Los Angeles Dodgers,1961,157
Cleveland Indians,1986,157
Detroit Tigers,1964,157
Detroit Tigers,1973,157
New York Giants,1957,157
Baltimore Orioles,1993,157
Florida Marlins,2003,157
San Diego Padres,2000,157
Tampa Bay Devil Rays,2005,157
Colorado Rockies,2006,157
Milwaukee Brewers,2013,157
Chicago Cubs,2014,157
Minnesota Twins,2015,156
Pittsburgh Pirates,2014,156
Los Angeles Angels of Anaheim,2016,156
Baltimore Orioles,1962,156
Cleveland Indians,1965,156
Baltimore Orioles,1980,156
Detroit Tigers,1983,156
Milwaukee Braves,1953,156
Pittsburgh Pirates,1947,156
Cleveland Indians,1954,156
Philadelphia Phillies,1993,156
Washington Nationals,2009,156
Oakland Athletics,1988,156
Los Angeles Angels of Anaheim,2010,155
Oakland Athletics,2005,155
Minnesota Twins,2003,155
Los Angeles Dodgers,2002,155
Los Angeles Angels of Anaheim,2011,155
Cincinnati Reds,2013,155
Detroit Tigers,2014,155
Los Angeles Angels of Anaheim,2014,155
Chicago White Sox,2014,155
Cleveland Indians,1966,155
Oakland Athletics,1985,155
Chicago Cubs,1986,155
Cleveland Indians,1948,155
New York Yankees,1940,155
Boston Red Sox,1958,155
New York Yankees,1931,155
San Diego Padres,2008,154
Chicago White Sox,2011,154
Washington Nationals,2011,154
Arizona Diamondbacks,2015,154
Cleveland Indians,2011,154
California Angels,1983,154
Pittsburgh Pirates,1971,154
Philadelphia Phillies,1986,154
Pittsburgh Pirates,1973,154
Baltimore Orioles,1978,154
Kansas City Royals,1985,154
Atlanta Braves,1971,153
New York Yankees,1959,153
California Angels,1985,153
Minnesota Twins,1970,153
Cleveland Indians,1975,153
New York Yankees,1983,153
Brooklyn Dodgers,1952,153
Philadelphia Phillies,1929,153
Boston Red Sox,1957,153
Cleveland Indians,1956,153
San Diego Padres,1993,153
San Francisco Giants,1996,153
San Diego Padres,1999,153
Pittsburgh Pirates,2008,153
New York Mets,1997,153
Los Angeles Dodgers,2006,153
Seattle Mariners,2007,153
Seattle Mariners,1994,153
Detroit Tigers,2003,153
Philadelphia Phillies,2011,153
Pittsburgh Pirates,2016,153
Washington Nationals,2014,152
Atlanta Braves,1987,152
Detroit Tigers,1967,152
New York Yankees,1930,152
Brooklyn Dodgers,1949,152
Florida Marlins,2010,152
Arizona Diamondbacks,2003,152
San Francisco Giants,1995,152
Baltimore Orioles,2003,152
Detroit Tigers,2010,152
Milwaukee Brewers,1998,152
Anaheim Angels,2002,152
Kansas City Royals,2001,152
San Diego Padres,1997,152
Colorado Rockies,2002,152
New York Mets,1988,152
Seattle Mariners,2002,152
San Francisco Giants,1990,152
Minnesota Twins,1988,151
Kansas City Royals,1999,151
Montreal Expos,2004,151
Chicago Cubs,2007,151
Minnesota Twins,2013,151
Detroit Tigers,2015,151
Oakland Athletics,1975,151
New York Yankees,1941,151
New York Giants,1952,151
Detroit Tigers,1937,150
Detroit Tigers,1956,150
Anaheim Angels,2003,150
Kansas City Royals,2004,150
Los Angeles Dodgers,1996,150
Florida Marlins,1996,150
Colorado Rockies,2005,150
Kansas City Royals,2000,150
St. Louis Cardinals,2010,150
Milwaukee Brewers,2014,150
Cleveland Indians,1961,150
Minnesota Twins,1965,150
Chicago Cubs,1985,150
Detroit Tigers,1960,150
New York Yankees,1979,150
California Angels,1984,150
San Francisco Giants,1972,150
Baltimore Orioles,1961,149
Los Angeles Dodgers,1978,149
Oakland Athletics,1982,149
Cincinnati Reds,1966,149
New York Yankees,1965,149
Atlanta Braves,2009,149
Seattle Mariners,1992,149
Los Angeles Dodgers,2005,149
Chicago Cubs,2010,149
Oakland Athletics,1998,149
Washington Nationals,2010,149
Atlanta Braves,2012,149
Florida Marlins,2011,149
Seattle Mariners,2012,149
Houston Astros,2013,148
Chicago White Sox,2013,148
San Diego Padres,2015,148
Chicago Cubs,2011,148
Boston Braves,1950,148
Cleveland Indians,1955,148
Cleveland Indians,1952,148
Los Angeles Dodgers,1980,148
Minnesota Twins,1982,148
Pittsburgh Pirates,1979,148
Washington Senators,1969,148
Detroit Tigers,1963,148
New York Mets,1986,148
Detroit Tigers,1970,148
Baltimore Orioles,1977,148
Los Angeles Dodgers,1959,148
Oakland Athletics,1969,148
New York Yankees,1988,148
Baltimore Orioles,1992,148
Pittsburgh Pirates,2007,148
Florida Marlins,2004,148
Seattle Mariners,1988,148
Montreal Expos,1996,148
New York Mets,2001,147
New York Yankees,1990,147
Toronto Blue Jays,1997,147
New York Yankees,1991,147
New York Mets,1996,147
New York Mets,1989,147
California Angels,1990,147
Anaheim Angels,1998,147
Montreal Expos,1998,147
Los Angeles Angels of Anaheim,2005,147
San Diego Padres,1996,147
Kansas City Royals,2016,147
New York Yankees,2014,147
Cincinnati Redlegs,1954,147
Chicago Cubs,1957,147
Brooklyn Dodgers,1957,147
New York Giants,1949,147
Boston Red Sox,1973,147
Philadelphia Phillies,1984,147
Oakland Athletics,1973,147
Washington Senators,1960,147
Chicago White Sox,1985,146
Baltimore Orioles,1963,146
Kansas City Royals,1977,146
Atlanta Braves,1982,146
Milwaukee Brewers,1975,146
Boston Red Sox,1962,146
Los Angeles Dodgers,1983,146
Chicago White Sox,1995,146
Florida Marlins,2002,146
Oakland Athletics,2015,146
Houston Astros,2012,146
San Diego Padres,2013,146
Oakland Athletics,2014,146
Milwaukee Brewers,2015,145
Chicago Cubs,1964,145
Milwaukee Brewers,1973,145
Boston Red Sox,1966,145
Tampa Bay Devil Rays,2004,145
California Angels,1989,145
Los Angeles Dodgers,2009,145
Tampa Bay Devil Rays,1999,145
Toronto Blue Jays,2004,145
New York Giants,1956,145
New York Yankees,1957,145
Boston Red Sox,1940,145
Philadelphia Athletics,1934,144
New York Yankees,1933,144
New York Yankees,2013,144
Boston Red Sox,1986,144
Philadelphia Phillies,1965,144
Atlanta Braves,1980,144
Cincinnati Reds,1986,144
Minnesota Twins,1966,144
Atlanta Braves,1972,144
Philadelphia Phillies,2000,144
Montreal Expos,2003,144
Kansas City Royals,2009,144
Florida Marlins,1995,144
St. Louis Cardinals,1997,144
Minnesota Twins,2006,143
Detroit Tigers,1988,143
St. Louis Cardinals,1955,143
New York Giants,1930,143
Montreal Expos,1979,143
Toronto Blue Jays,1984,143
Detroit Tigers,1980,143
San Francisco Giants,1983,142
Boston Red Sox,1983,142
Philadelphia Phillies,1962,142
Chicago Cubs,1969,142
Chicago White Stockings,1884,142
Pittsburgh Pirates,2004,142
Colorado Rockies,1993,142
Houston Astros,2009,142
Oakland Athletics,1992,142
Toronto Blue Jays,1989,142
Pittsburgh Pirates,2002,142
St. Louis Cardinals,1996,142
Cincinnati Reds,1997,142
Minnesota Twins,2010,142
Baltimore Orioles,2007,142
Cleveland Indians,2014,142
Chicago Cubs,1956,142
New York Yankees,1929,142
Atlanta Braves,1969,141
Philadelphia Phillies,1985,141
Minnesota Twins,1985,141
Cincinnati Reds,1976,141
Minnesota Twins,1983,141
San Francisco Giants,1989,141
Atlanta Braves,1991,141
Pittsburgh Pirates,2006,141
St. Louis Cardinals,2007,141
San Diego Padres,2009,141
Cleveland Indians,1993,141
San Francisco Giants,1991,141
Cleveland Indians,2015,141
Philadelphia Phillies,2013,140
Pittsburgh Pirates,2015,140
St. Louis Cardinals,1953,140
Cleveland Indians,1951,140
New York Yankees,1951,140
Cleveland Indians,1957,140
Chicago Cubs,1983,140
Texas Rangers,1979,140
San Francisco Giants,1967,140
Los Angeles Dodgers,1962,140
Cincinnati Reds,1960,140
San Francisco Giants,1971,140
Chicago Cubs,1966,140
Toronto Blue Jays,1995,140
Los Angeles Dodgers,1995,140
Kansas City Royals,2002,140
Minnesota Twins,1991,140
Detroit Tigers,2001,139
Pittsburgh Pirates,2005,139
Baltimore Orioles,1994,139
Chicago White Sox,1991,139
New York Yankees,1994,139
Seattle Mariners,2003,139
Atlanta Braves,2010,139
San Diego Padres,2004,139
Milwaukee Brewers,2002,139
New York Mets,2012,139
Kansas City Royals,2015,139
Chicago Cubs,1929,139
New York Yankees,1948,139
Boston Red Sox,1956,139
Philadelphia Athletics,1933,139
Milwaukee Braves,1954,139
New York Yankees,1953,139
New York Mets,1962,139
Atlanta Braves,1977,139
Milwaukee Braves,1963,139
Los Angeles Dodgers,1974,139
Cincinnati Reds,1971,138
Los Angeles Dodgers,1982,138
Chicago White Sox,1971,138
Atlanta Braves,1986,138
Washington Senators,1970,138
Washington Senators,1963,138
Baltimore Orioles,1967,138
Montreal Expos,1977,138
St. Louis Cardinals,1960,138
Chicago White Sox,1961,138
Pittsburgh Pirates,1975,138
Cleveland Indians,1979,138
Atlanta Braves,1992,138
Cincinnati Reds,1998,138
Pittsburgh Pirates,1996,138
Pittsburgh Pirates,1990,138
Houston Astros,1993,138
Texas Rangers,1995,138
Los Angeles Dodgers,2013,138
Kansas City Athletics,1958,138
Pittsburgh Pirates,1950,138
Boston Red Sox,1955,137
Pittsburgh Pirates,1951,137
Chicago Cubs,1953,137
Detroit Tigers,1938,137
St. Louis Cardinals,1962,137
Oakland Athletics,1980,137
Philadelphia Phillies,1969,137
Cincinnati Reds,1973,137
Los Angeles Angels,1962,137
Kansas City Royals,1986,137
Tampa Bay Devil Rays,2003,137
Baltimore Orioles,1988,137
Atlanta Braves,1994,137
Los Angeles Dodgers,2008,137
Cincinnati Reds,1993,137
Chicago Cubs,2012,137
Miami Marlins,2012,137
St. Louis Cardinals,2015,137
San Francisco Giants,2015,136
Chicago White Sox,2015,136
Seattle Mariners,2014,136
Cleveland Indians,2012,136
New York Giants,1929,136
New York Yankees,1946,136
San Francisco Giants,1969,136
San Diego Padres,1986,136
Montreal Expos,1970,136
Chicago Cubs,1984,136
Boston Red Sox,1982,136
Washington Senators,1965,136
Chicago White Sox,1982,136
Cincinnati Reds,1978,136
Seattle Mariners,2004,136
Baltimore Orioles,2001,136
New York Mets,1998,136
Toronto Blue Jays,2005,136
Chicago Cubs,1990,136
Florida Marlins,1997,136
San Diego Padres,2002,136
Milwaukee Brewers,2004,135
Oakland Athletics,2009,135
Arizona Diamondbacks,2004,135
San Diego Padres,1992,135
Milwaukee Brewers,1997,135
New York Yankees,1934,135
Chicago Cubs,1979,135
Chicago White Sox,1974,135
Texas Rangers,1977,135
Cincinnati Reds,1974,135
Texas Rangers,1975,134
San Francisco Giants,1977,134
Boston Red Sox,1976,134
Pittsburgh Pirates,1982,134
Houston Astros,1972,134
Chicago Cubs,1965,134
Oakland Athletics,1972,134
Houston Astros,1973,134
Boston Red Sox,1975,134
Philadelphia Phillies,1973,134
New York Mets,1985,134
Los Angeles Dodgers,2014,134
Minnesota Twins,2005,134
Cleveland Indians,1988,134
Seattle Mariners,1989,134
Kansas City Royals,1998,134
Detroit Tigers,1940,134
New York Yankees,1921,134
Pittsburgh Pirates,1958,134
New York Yankees,1954,133
New York Giants,1950,133
New York Yankees,1928,133
Pittsburgh Pirates,1977,133
Philadelphia Phillies,1978,133
Montreal Expos,1982,133
Seattle Mariners,1977,133
Baltimore Orioles,1968,133
Chicago Cubs,1972,133
San Francisco Giants,1982,133
Toronto Blue Jays,1991,133
Baltimore Orioles,2010,133
Houston Astros,1997,133
Tampa Bay Devil Rays,2002,133
Baltimore Orioles,1990,132
Chicago White Sox,1988,132
Philadelphia Phillies,1996,132
San Diego Padres,2010,132
Minnesota Twins,1997,132
San Francisco Giants,2014,132
Philadelphia Phillies,1955,132
St. Louis Cardinals,1957,132
Kansas City Royals,1982,132
Cincinnati Reds,1979,132
Seattle Mariners,1979,132
Texas Rangers,1978,132
Milwaukee Brewers,1983,132
Washington Senators,1962,132
Oakland Athletics,1974,132
Cleveland Indians,1974,131
Minnesota Twins,1967,131
New York Yankees,1973,131
California Angels,1977,131
Detroit Tigers,1974,131
Cleveland Indians,1967,131
Montreal Expos,2001,131
Pittsburgh Pirates,1987,131
San Francisco Giants,2007,131
Minnesota Twins,2012,131
Kansas City Royals,2012,131
Cincinnati Reds,2014,131
Boston Red Sox,1949,131
Detroit Tigers,1955,130
Boston Braves,1951,130
Chicago Cubs,1968,130
Philadelphia Phillies,1964,130
Cincinnati Reds,1964,130
New York Yankees,1984,130
Seattle Mariners,1982,130
Los Angeles Dodgers,1986,130
Pittsburgh Pirates,1970,130
Atlanta Braves,1983,130
San Francisco Giants,1960,130
Seattle Mariners,2005,130
San Diego Padres,2005,130
Atlanta Braves,2008,130
New York Yankees,1989,130
Los Angeles Dodgers,1993,130
Philadelphia Phillies,2015,130
San Francisco Giants,2016,130
Arizona Diamondbacks,2013,130
New York Mets,2013,130
Kansas City Royals,2011,129
New York Yankees,1952,129
Detroit Tigers,1978,129
Seattle Mariners,1984,129
Texas Rangers,1985,129
Houston Astros,1970,129
Los Angeles Dodgers,1985,129
Houston Astros,1996,129
Los Angeles Dodgers,2007,129
Los Angeles Dodgers,1990,129
Pittsburgh Pirates,1997,129
Baltimore Orioles,1989,129
Milwaukee Brewers,1995,128
Florida Marlins,1999,128
Cincinnati Reds,1989,128
San Diego Padres,2003,128
San Francisco Giants,2005,128
Cleveland Indians,2010,128
New York Mets,2010,128
Atlanta Braves,1989,128
Milwaukee Brewers,1990,128
Florida Marlins,2005,128
Miami Marlins,2016,128
Minnesota Twins,2014,128
Chicago White Sox,1956,128
St. Louis Cardinals,1963,128
Chicago Cubs,1971,128
Pittsburgh Pirates,1961,128
Chicago Cubs,1967,128
Chicago White Sox,1979,127
Cleveland Indians,1960,127
Chicago Cubs,1963,127
Milwaukee Brewers,1986,127
Oakland Athletics,1989,127
Cleveland Indians,1992,127
Cleveland Indians,1989,127
Chicago Cubs,1997,127
Boston Red Sox,1951,127
New York Giants,1934,126
Pittsburgh Pirates,1949,126
Philadelphia Phillies,1930,126
Chicago Cubs,1962,126
Washington Senators,1966,126
Philadelphia Phillies,1963,126
Los Angeles Dodgers,1960,126
Atlanta Braves,1985,126
Milwaukee Brewers,1970,126
Toronto Blue Jays,1980,126
Atlanta Braves,1979,126
Seattle Mariners,1991,126
Pittsburgh Pirates,2010,126
Kansas City Royals,2005,126
Milwaukee Brewers,1989,126
Philadelphia Phillies,1998,126
Pittsburgh Pirates,1991,126
Toronto Blue Jays,2008,126
Boston Red Sox,1991,126
Cincinnati Reds,1990,125
Pittsburgh Pirates,2009,125
Pittsburgh Pirates,1995,125
Kansas City Royals,1993,125
Oakland Athletics,2008,125
Colorado Rockies,1994,125
Milwaukee Brewers,1993,125
New York Mets,1995,125
Philadelphia Phillies,2014,125
New York Mets,2014,125
St. Louis Cardinals,2013,125
New York Giants,1938,125
Philadelphia Phillies,1950,125
Philadelphia Athletics,1930,125
New York Yankees,1978,125
San Francisco Giants,1979,125
Milwaukee Brewers,1977,125
Seattle Pilots,1969,125
Philadelphia Phillies,1983,125
Boston Red Sox,1968,125
Detroit Tigers,1975,125
Montreal Expos,1969,125
Philadelphia Phillies,1975,125
Boston Red Sox,1959,125
Montreal Expos,1973,125
Baltimore Orioles,1965,125
Houston Astros,1986,125
Los Angeles Dodgers,1987,125
Washington Senators,1964,125
Chicago White Sox,1965,125
Baltimore Orioles,1975,124
Texas Rangers,1980,124
Washington Senators,1968,124
Boston Red Sox,1960,124
Cincinnati Reds,1972,124
Cincinnati Reds,1975,124
Boston Red Sox,1972,124
California Angels,1988,124
Kansas City Royals,2006,124
Chicago Cubs,1989,124
Cincinnati Reds,1994,124
Boston Red Sox,1988,124
New York Mets,2003,124
Los Angeles Dodgers,2003,124
Seattle Mariners,2008,124
Texas Rangers,1994,124
Detroit Tigers,2002,124
Detroit Tigers,1939,124
St. Louis Cardinals,1956,124
Philadelphia Phillies,1958,124
Boston Red Sox,1939,124
Boston Red Sox,1941,124
Cincinnati Redlegs,1958,123
New York Giants,1935,123
Boston Red Sox,1954,123
Cleveland Indians,1936,123
Atlanta Braves,2014,123
Boston Red Sox,2014,123
Minnesota Twins,1977,123
Philadelphia Phillies,1971,123
Baltimore Orioles,1960,123
Chicago White Sox,1970,123
Atlanta Braves,1978,123
Cleveland Indians,1984,123
San Francisco Giants,1994,123
Los Angeles Angels of Anaheim,2007,123
San Diego Padres,1990,123
Kansas City Royals,1996,123
Washington Nationals,2007,123
Philadelphia Phillies,1989,123
New York Yankees,1995,122
Cincinnati Reds,1988,122
San Francisco Giants,2009,122
Texas Rangers,1989,122
Montreal Expos,1993,122
Philadelphia Athletics,1929,122
Philadelphia Phillies,1932,122
Philadelphia Phillies,1949,122
Brooklyn Robins,1930,122
Atlanta Braves,2016,122
Miami Marlins,2014,122
California Angels,1966,122
Cincinnati Reds,1963,122
Detroit Tigers,1972,122
Houston Astros,1987,122
Pittsburgh Pirates,1964,121
Montreal Expos,1978,121
Chicago White Sox,1986,121
Minnesota Twins,1975,121
Pittsburgh Pirates,1983,121
Oakland Athletics,1983,121
Houston Astros,1985,121
Washington Senators,1958,121
Kansas City Royals,2010,121
Tampa Bay Devil Rays,2001,121
Minnesota Twins,1993,121
Chicago White Sox,1994,121
San Diego Padres,1991,121
Kansas City Royals,1988,121
New York Giants,1946,121
Philadelphia Phillies,1956,121
New York Yankees,1926,121
Kansas City Athletics,1955,121
Boston Red Sox,1948,121
San Diego Padres,2012,121
San Francisco Giants,2011,121
Miami Marlins,2015,120
Minnesota Twins,1973,120
Milwaukee Brewers,1974,120
Pittsburgh Pirates,1960,120
San Diego Padres,1977,120
Atlanta Braves,1974,120
Montreal Expos,1987,120
New York Mets,1970,120
New York Yankees,1976,120
Texas Rangers,1984,120
Los Angeles Dodgers,2010,120
San Diego Padres,1989,120
Houston Astros,1994,120
Boston Red Sox,1994,120
Minnesota Twins,1995,120
California Angels,1994,120
Kansas City Royals,2008,120
Kansas City Royals,1995,119
Washington Senators,1961,119
Philadelphia Phillies,1979,119
Cleveland Indians,1969,119
Chicago Cubs,1960,119
Baltimore Orioles,1973,119
Baltimore Orioles,1976,119
Pittsburgh Pirates,1969,119
St. Louis Cardinals,1940,119
St. Louis Cardinals,1954,119
Philadelphia Athletics,1931,118
St. Louis Browns,1940,118
New York Giants,1928,118
Arizona Diamondbacks,2014,118
St. Louis Cardinals,1993,118
Montreal Expos,1995,118
Minnesota Twins,1996,118
Philadelphia Phillies,1992,118
Minnesota Twins,2007,118
St. Louis Cardinals,1959,118
Kansas City Royals,1975,118
Los Angeles Dodgers,1975,118
Montreal Expos,1985,118
Kansas City Royals,1984,117
Philadelphia Phillies,1980,117
Chicago Cubs,1973,117
Philadelphia Phillies,1966,117
Kansas City Athletics,1959,117
San Francisco Giants,1978,117
Oakland Athletics,1977,117
St. Louis Browns,1949,117
Philadelphia Phillies,1957,117
Los Angeles Dodgers,2011,117
Tampa Bay Rays,2014,117
Minnesota Twins,1989,117
Washington Nationals,2008,117
New York Mets,1994,117
Kansas City Royals,1991,117
New York Mets,1991,117
Washington Nationals,2005,117
Minnesota Twins,2000,116
Detroit Tigers,1989,116
San Diego Padres,1995,116
Philadelphia Phillies,1997,116
Milwaukee Brewers,1991,116
Pittsburgh Pirates,1980,116
Cleveland Indians,1985,116
Minnesota Twins,1971,116
Baltimore Orioles,1974,116
Kansas City Royals,1979,116
Kansas City Athletics,1962,116
Philadelphia Athletics,1953,116
Detroit Tigers,1957,116
Chicago White Sox,1955,116
New York Giants,1932,116
Philadelphia Phillies,1922,116
New York Giants,1939,116
Los Angeles Dodgers,2012,116
Toronto Blue Jays,1994,115
Los Angeles Dodgers,1994,115
California Angels,1991,115
Minnesota Twins,1998,115
Pittsburgh Pirates,1978,115
St. Louis Cardinals,1967,115
Washington Senators,1967,115
San Francisco Giants,1985,115
Kansas City Royals,1980,115
Texas Rangers,1982,115
Philadelphia Phillies,1953,115
St. Louis Cardinals,1947,115
New York Yankees,1947,115
New York Yankees,1920,115
New York Yankees,1949,115
New York Giants,1945,114
New York Giants,1925,114
Detroit Tigers,1950,114
Oakland Athletics,2011,114
Boston Red Sox,1993,114
California Angels,1993,114
Montreal Expos,1990,114
Florida Marlins,1998,114
San Francisco Giants,1986,114
Cincinnati Reds,1985,114
Montreal Expos,1980,114
Houston Astros,1977,114
Minnesota Twins,1984,114
Pittsburgh Pirates,1974,114
Kansas City Royals,1973,114
Chicago White Sox,1963,114
California Angels,1967,114
California Angels,1970,114
Cincinnati Reds,1980,113
St. Louis Cardinals,1970,113
Oakland Athletics,1976,113
Philadelphia Phillies,1959,113
Cleveland Indians,1938,113
Boston Red Sox,1952,113
St. Louis Cardinals,1928,113
Chicago Cubs,1988,113
San Francisco Giants,1988,113
San Diego Padres,1987,113
Milwaukee Brewers,1988,113
Oakland Athletics,1994,113
Texas Rangers,1988,112
Kansas City Royals,2013,112
San Diego Padres,1973,112
Philadelphia Phillies,1982,112
New York Mets,1983,112
Houston Astros,1966,112
Boston Red Sox,1961,112
Pittsburgh Pirates,1959,112
San Francisco Giants,1984,112
Chicago White Sox,1960,112
Minnesota Twins,1979,112
Chicago White Sox,1969,112
Cleveland Indians,1949,112
Philadelphia Athletics,1935,112
St. Louis Browns,1953,112
Philadelphia Phillies,1923,112
Cleveland Indians,1947,112
Washington Senators,1956,112
Kansas City Athletics,1956,112
Philadelphia Athletics,1922,111
New York Giants,1937,111
Washington Senators,1957,111
Minnesota Twins,2008,111
Tampa Bay Devil Rays,1998,111
Philadelphia Phillies,1991,111
Texas Rangers,2014,111
Pittsburgh Pirates,1986,111
Seattle Mariners,1983,111
Pittsburgh Pirates,1965,111
New York Yankees,1970,111
Chicago Cubs,1977,111
St. Louis Cardinals,1958,111
Atlanta Braves,1984,111
Minnesota Twins,1974,111
Chicago White Sox,1973,111
New York Yankees,1975,110
Kansas City Athletics,1965,110
Los Angeles Dodgers,1973,110
Texas Rangers,1973,110
Kansas City Athletics,1960,110
Chicago Cubs,1974,110
Houston Astros,1974,110
Pittsburgh Pirates,1976,110
Los Angeles Dodgers,1963,110
Philadelphia Phillies,1976,110
Pittsburgh Pirates,1972,110
Montreal Expos,1986,110
Detroit Tigers,1929,110
Cincinnati Reds,1938,110
Boston Braves,1952,110
New York Yankees,1925,110
Brooklyn Dodgers,1932,110
Pittsburgh Pirates,1956,110
St. Louis Browns,1925,110
Pittsburgh Pirates,1993,110
Texas Rangers,1990,110
Chicago White Sox,1992,110
Pittsburgh Pirates,1988,110
Cleveland Indians,1990,110
Oakland Athletics,2010,109
Houston Astros,1995,109
Chicago Cubs,1994,109
San Diego Padres,1984,109
Cleveland Indians,1982,109
Kansas City Royals,1983,109
New York Mets,1969,109
Boston Red Sox,1974,109
San Diego Padres,1985,109
Cincinnati Reds,1967,109
Baltimore Orioles,1959,109
New York Yankees,1968,109
Cleveland Indians,1971,109
St. Louis Cardinals,1964,109
St. Louis Cardinals,1965,109
New York Giants,1927,109
St. Louis Cardinals,1925,109
Detroit Tigers,1958,109
New York Giants,1942,109
Boston Red Sox,1946,109
San Diego Padres,2014,109
Seattle Mariners,2011,109
New York Mets,2011,108
Los Angeles Dodgers,1991,108
St. Louis Cardinals,1994,108
Houston Astros,2010,108
Boston Red Sox,1989,108
Montreal Expos,1994,108
California Angels,1978,108
Oakland Athletics,1979,108
Chicago White Sox,1972,108
San Francisco Giants,1968,108
Pittsburgh Pirates,1962,108
St. Louis Cardinals,1966,108
Los Angeles Dodgers,1966,108
Pittsburgh Pirates,1963,108
Detroit Tigers,1946,108
New York Yankees,1942,108
Pittsburgh Pirates,1948,108
Philadelphia Phillies,1951,108
Detroit Tigers,1953,108
Baltimore Orioles,1958,108
Chicago Cubs,1952,107
St. Louis Cardinals,1922,107
Pittsburgh Pirates,2011,107
San Francisco Giants,2013,107
Montreal Expos,1988,107
Pittsburgh Pirates,1998,107
St. Louis Cardinals,1995,107
Seattle Mariners,1990,107
Chicago Cubs,1980,107
New York Mets,1984,107
Cincinnati Reds,1983,107
Atlanta Braves,1975,107
New York Mets,1965,107
Cleveland Indians,1978,106
Chicago White Sox,1978,106
Texas Rangers,1983,106
Cincinnati Reds,1984,106
Cincinnati Reds,1968,106
California Angels,1980,106
Toronto Blue Jays,1982,106
Chicago White Sox,1964,106
Chicago White Sox,1957,106
Detroit Tigers,1935,106
St. Louis Browns,1950,106
Philadelphia Phillies,1988,106
Boston Red Sox,1990,106
Chicago White Sox,1990,106
Pittsburgh Pirates,1992,106
San Francisco Giants,1992,105
Minnesota Twins,1999,105
St. Louis Cardinals,2014,105
Chicago Cubs,1976,105
New York Mets,1972,105
Houston Colt .45's,1962,105
Minnesota Twins,1968,105
New York Yankees,1923,105
St. Louis Cardinals,1948,105
Philadelphia Athletics,1940,105
Cincinnati Reds,1948,104
Cincinnati Reds,1952,104
Detroit Tigers,1951,104
St. Louis Cardinals,1934,104
St. Louis Cardinals,1930,104
New York Yankees,1935,104
Minnesota Twins,1992,104
Chicago Cubs,1992,104
Seattle Mariners,1980,104
Oakland Athletics,1981,104
Milwaukee Brewers,1971,104
Houston Astros,1969,104
Philadelphia Phillies,1967,103
New York Mets,1964,103
Philadelphia Phillies,1961,103
New York Yankees,1972,103
St. Louis Cardinals,1961,103
Minnesota Twins,2011,103
San Francisco Giants,2012,103
Detroit Tigers,1947,103
Philadelphia Phillies,1937,103
Boston Braves,1949,103
Cleveland Indians,1941,103
Detroit Tigers,1952,103
Boston Red Sox,1947,103
Cleveland Indians,1937,103
Boston Red Sox,1942,103
Chicago Cubs,1951,103
Philadelphia Phillies,1936,103
Boston Beaneaters,1894,103
Philadelphia Phillies,1990,103
Minnesota Twins,1994,103
Montreal Expos,1992,102
Kansas City Royals,2007,102
Chicago Cubs,1982,102
Montreal Expos,1983,102
New York Mets,1976,102
Los Angeles Angels,1964,102
Los Angeles Dodgers,1984,102
San Diego Padres,1972,102
St. Louis Cardinals,1950,102
Philadelphia Athletics,1951,102
Philadelphia Phillies,1954,102
St. Louis Cardinals,1949,102
New York Giants,1931,101
Chicago White Sox,1958,101
Boston Braves,1945,101
Boston Red Sox,1953,101
Brooklyn Dodgers,1941,101
Chicago Cubs,1934,101
Cleveland Indians,1940,101
Kansas City Royals,1989,101
St. Louis Cardinals,1980,101
New York Mets,1975,101
Detroit Tigers,1976,101
Milwaukee Brewers,1985,101
Philadelphia Phillies,1970,101
New York Yankees,1974,101
Seattle Mariners,2010,101
Atlanta Braves,2015,100
New York Yankees,1943,100
St. Louis Cardinals,1944,100
Philadelphia Phillies,1925,100
Boston Red Sox,1937,100
Cleveland Indians,1934,100
St. Louis Cardinals,1929,100
Philadelphia Athletics,1950,100
New York Yankees,1981,100
Baltimore Orioles,1972,100
New York Yankees,1967,100
St. Louis Cardinals,1979,100
Toronto Blue Jays,1977,100
Cleveland Indians,1977,100
Philadelphia Phillies,1968,100
Oakland Athletics,1978,100
Kansas City Royals,1990,100
Minnesota Twins,1990,100
Montreal Expos,1989,100
Kansas City Royals,1994,100
Cincinnati Reds,1992,99
Los Angeles Dodgers,1988,99
Milwaukee Brewers,1994,99
Cincinnati Reds,1950,99
Chicago Cubs,1941,99
Pittsburgh Pirates,1953,99
Brooklyn Robins,1929,99
San Diego Padres,1969,99
Philadelphia Phillies,1960,99
Minnesota Twins,1980,99
Texas Rangers,1974,99
San Diego Padres,1974,99
New York Mets,1966,98
Los Angeles Dodgers,1972,98
Kansas City Royals,1969,98
Pittsburgh Pirates,1984,98
Philadelphia Phillies,1972,98
New York Mets,1971,98
Kansas City Royals,1978,98
Toronto Blue Jays,1978,98
Montreal Expos,1975,98
St. Louis Cardinals,1939,98
Philadelphia Athletics,1938,98
St. Louis Browns,1942,98
New York Yankees,1924,98
Cincinnati Reds,1939,98
St. Louis Browns,1922,98
Philadelphia Athletics,1939,98
Boston Red Sox,1938,98
Chicago Cubs,1949,97
New York Giants,1936,97
St. Louis Cardinals,1952,97
Houston Astros,1989,97
New York Mets,1982,97
California Angels,1981,97
Los Angeles Dodgers,1969,97
Houston Astros,1965,97
New York Yankees,1971,97
Kansas City Royals,1970,97
Chicago White Sox,1959,97
Houston Astros,1983,97
Seattle Mariners,1978,97
Milwaukee Brewers,1984,96
Milwaukee Brewers,1981,96
Montreal Expos,1984,96
New York Mets,1963,96
San Diego Padres,1971,96
St. Louis Cardinals,1977,96
California Angels,1971,96
New York Mets,1974,96
New York Yankees,1944,96
Chicago Cubs,1937,96
Houston Astros,1988,96
Houston Astros,1992,96
Atlanta Braves,1988,96
Montreal Expos,1991,95
New York Mets,2009,95
Pittsburgh Pirates,1989,95
Houston Astros,2011,95
Miami Marlins,2013,95
Kansas City Royals,2014,95
New York Yankees,1922,95
New York Giants,1924,95
New York Giants,1941,95
Cincinnati Reds,1947,95
St. Louis Cardinals,1951,95
Boston Braves,1948,95
Los Angeles Dodgers,1971,95
Kansas City Athletics,1963,95
Chicago Cubs,1975,95
Los Angeles Angels,1963,95
St. Louis Cardinals,1971,95
Toronto Blue Jays,1979,95
Philadelphia Phillies,1974,95
California Angels,1974,95
Montreal Expos,1976,94
New York Yankees,1969,94
Chicago White Sox,1975,94
Oakland Athletics,1968,94
St. Louis Cardinals,1992,94
Houston Astros,1990,94
San Francisco Giants,2008,94
Philadelphia Phillies,1995,94
San Diego Padres,1988,94
St. Louis Cardinals,1987,94
Chicago White Sox,1989,94
Florida Marlins,1993,94
Florida Marlins,1994,94
Philadelphia Athletics,1937,94
Philadelphia Phillies,1924,94
Philadelphia Athletics,1954,94
Detroit Tigers,1936,94
St. Louis Cardinals,1937,94
Chicago White Sox,1954,94
Brooklyn Dodgers,1940,93
Cleveland Indians,1935,93
Philadelphia Phillies,1952,93
New York Giants,1944,93
New York Yankees,1945,93
Chicago White Sox,1950,93
San Diego Padres,1983,93
California Angels,1973,93
San Francisco Giants,1974,93
Minnesota Twins,1972,93
Houston Astros,1967,93
San Diego Padres,1979,93
New York Mets,1992,93
San Diego Padres,1994,92
Pittsburgh Pirates,1957,92
Chicago Cubs,1928,92
Philadelphia Phillies,1935,92
Pittsburgh Pirates,1952,92
St. Louis Browns,1938,92
Chicago White Sox,1962,92
California Angels,1965,92
Montreal Expos,1972,91
Cleveland Indians,1972,91
Los Angeles Dodgers,1976,91
Pittsburgh Pirates,1967,91
Chicago White Sox,1980,91
San Diego Padres,2011,91
Baltimore Orioles,1956,91
Chicago Cubs,1939,91
St. Louis Cardinals,1938,91
Pittsburgh Pirates,1955,91
Brooklyn Dodgers,1948,91
St. Louis Browns,1939,91
St. Louis Browns,1941,91
New York Giants,1940,91
Philadelphia Phillies,1948,91
St. Louis Cardinals,1926,90
St. Louis Browns,1947,90
Chicago Cubs,1923,90
Detroit Tigers,1954,90
St. Louis Cardinals,1969,90
Boston Red Sox,1981,90
Kansas City Athletics,1961,90
Chicago White Sox,1967,89
Seattle Mariners,1981,89
Kansas City Royals,1974,89
Cleveland Indians,1980,89
Los Angeles Dodgers,1989,89
Cincinnati Reds,1940,89
Philadelphia Athletics,1928,89
Philadelphia Athletics,1952,89
Cincinnati Reds,1951,88
Detroit Tigers,1949,88
Philadelphia Phillies,1921,88
St. Louis Cardinals,1936,88
Chicago Cubs,1935,88
California Angels,1969,88
Montreal Expos,1971,88
Baltimore Orioles,1981,88
Milwaukee Brewers,1976,88
Milwaukee Brewers,1972,88
New York Mets,1977,88
California Angels,1992,88
Chicago Cubs,1948,87
Baltimore Orioles,1957,87
St. Louis Cardinals,1985,87
Los Angeles Dodgers,1970,87
Chicago White Sox,1966,87
Washington Senators,1971,86
New York Mets,1978,86
Montreal Expos,1974,86
Cleveland Indians,1983,86
St. Louis Browns,1951,86
St. Louis Cardinals,1935,86
Boston Red Sox,1936,86
Chicago Cubs,1940,86
Pittsburgh Pirates,1930,86
Cincinnati Reds,1949,86
Chicago White Sox,1951,86
Chicago Cubs,1925,86
Cleveland Indians,1939,85
Boston Braves,1947,85
Washington Senators,1938,85
New York Giants,1923,85
Philadelphia Phillies,1928,85
Philadelphia Athletics,1941,85
San Francisco Giants,1976,85
Cleveland Indians,1976,85
New York Mets,1973,85
San Francisco Giants,1975,84
Houston Astros,1975,84
Boston Red Sox,1992,84
Chicago Cubs,1931,84
St. Louis Cardinals,1927,84
St. Louis Browns,1946,84
Brooklyn Dodgers,1947,83
Boston Braves,1934,83
St. Louis Cardinals,1921,83
New York Mets,1967,83
St. Louis Cardinals,1983,83
California Angels,1968,83
St. Louis Cardinals,1974,83
Minnesota Twins,1978,82
Cincinnati Reds,1982,82
Atlanta Braves,1976,82
Los Angeles Dodgers,1967,82
Los Angeles Dodgers,1981,82
Milwaukee Brewers,1992,82
St. Louis Browns,1923,82
St. Louis Browns,1952,82
Detroit Tigers,1930,82
New York Giants,1933,82
Philadelphia Athletics,1949,82
Philadelphia Athletics,1921,82
Cincinnati Reds,1936,82
Detroit Tigers,1941,81
Washington Senators,1949,81
New York Giants,1943,81
Washington Senators,1954,81
St. Louis Cardinals,1946,81
Philadelphia Phillies,1931,81
New York Mets,1968,81
San Diego Padres,1982,81
St. Louis Cardinals,1975,81
Minnesota Twins,1976,81
Montreal Expos,1981,81
Texas Rangers,1976,80
Atlanta Braves,1968,80
Kansas City Royals,1971,80
Pittsburgh Pirates,1985,80
Pittsburgh Pirates,1968,80
San Francisco Giants,1980,80
Philadelphia Phillies,1994,80
Pittsburgh Pirates,1994,80
Chicago White Sox,1952,80
Philadelphia Phillies,1946,80
Detroit Tigers,1932,80
Washington Senators,1955,80
New York Giants,1922,80
Chicago White Stockings,1887,80
Philadelphia Phillies,1893,80
Chicago White Stockings,1889,79
Los Angeles Dodgers,1964,79
Houston Astros,1984,79
St. Louis Cardinals,1978,79
Cleveland Indians,1991,79
Houston Astros,1991,79
Boston Braves,1944,79
St. Louis Browns,1936,79
Cleveland Indians,1946,79
Brooklyn Dodgers,1934,79
Brooklyn Dodgers,1939,78
St. Louis Browns,1943,78
Pittsburgh Pirates,1925,78
Cleveland Indians,1932,78
Detroit Tigers,1948,78
Kansas City Royals,1972,78
Los Angeles Dodgers,1965,78
California Angels,1972,78
San Diego Padres,1975,78
Chicago White Stockings,1888,77
Detroit Tigers,1945,77
Detroit Tigers,1943,77
Pittsburgh Pirates,1940,76
Chicago Cubs,1936,76
Pittsburgh Pirates,1954,76
Detroit Tigers,1942,76
Washington Senators,1950,76
Philadelphia Athletics,1925,76
St. Louis Cardinals,1932,76
St. Louis Browns,1931,76
Chicago White Sox,1981,76
Cleveland Indians,1968,75
San Diego Padres,1978,75
St. Louis Cardinals,1984,75
Houston Astros,1980,75
St. Louis Cardinals,1973,75
Philadelphia Phillies,1940,75
New York Giants,1921,75
Philadelphia Phillies,1926,75
St. Louis Browns,1930,75
Chicago Cubs,1942,75
Boston Braves,1935,75
Kansas City Royals,1992,75
New York Mets,1979,74
Houston Astros,1982,74
Chicago White Sox,1935,74
Detroit Tigers,1934,74
Chicago White Sox,1953,74
Chicago Cubs,1927,74
Cincinnati Reds,1930,74
New York Giants,1926,73
Chicago White Sox,1940,73
Cincinnati Reds,1937,73
St. Louis Browns,1935,73
Cincinnati Reds,1935,73
Philadelphia Phillies,1913,73
St. Louis Cardinals,1989,73
St. Louis Cardinals,1990,73
St. Louis Cardinals,1968,73
Chicago White Sox,1976,73
Chicago Cubs,1978,72
St. Louis Browns,1926,72
Cleveland Indians,1930,72
St. Louis Browns,1944,72
Brooklyn Robins,1924,72
Pittsburgh Pirates,1945,72
Philadelphia Athletics,1936,72
Chicago Cubs,1933,72
Los Angeles Dodgers,1992,72
St. Louis Cardinals,1988,71
Houston Astros,1971,71
Chicago White Sox,1968,71
Chicago White Sox,1934,71
Chicago Cubs,1944,71
Brooklyn Robins,1931,71
Chicago Cubs,1947,71
Cleveland Indians,1931,71
St. Louis Browns,1937,71
Cleveland Indians,1944,70
Pittsburgh Pirates,1944,70
St. Louis Cardinals,1941,70
St. Louis Cardinals,1943,70
Kansas City Athletics,1966,70
Houston Colt .45's,1964,70
St. Louis Cardinals,1972,70
Houston Astros,1978,70
Kansas City Athletics,1967,69
Philadelphia Phillies,1981,69
Boston Red Sox,1935,69
Washington Senators,1953,69
Boston Red Sox,1944,69
Chicago Cubs,1932,69
Boston Braves,1942,68
Philadelphia Athletics,1948,68
St. Louis Cardinals,1991,68
St. Louis Cardinals,1924,67
Chicago White Sox,1938,67
St. Louis Browns,1924,67
Chicago White Sox,1937,67
St. Louis Browns,1932,67
Boston Bees,1936,67
St. Louis Browns,1921,67
Chicago Colts,1890,67
St. Louis Cardinals,1982,67
Los Angeles Dodgers,1968,67
San Diego Padres,1980,67
Houston Astros,1968,66
Houston Astros,1976,66
Cincinnati Reds,1942,66
Brooklyn Robins,1928,66
Chicago Cubs,1924,66
Philadelphia Blue Jays,1943,66
Chicago Cubs,1926,66
Pittsburgh Pirates,1935,66
Boston Braves,1930,66
New York Giants,1890,66
Boston Beaneaters,1893,65
Chicago Colts,1894,65
Kansas City Royals,1976,65
Detroit Tigers,1981,65
Pittsburgh Pirates,1938,65
Chicago Cubs,1938,65
Cleveland Indians,1945,65
Cincinnati Reds,1946,65
Brooklyn Robins,1925,64
Chicago White Sox,1939,64
Philadelphia Phillies,1941,64
St. Louis Cardinals,1945,64
Cincinnati Reds,1941,64
Philadelphia Phillies,1920,64
St. Louis Browns,1933,64
San Diego Padres,1976,64
Atlanta Braves,1981,64
Cincinnati Reds,1981,64
San Francisco Giants,1981,63
St. Louis Cardinals,1976,63
California Angels,1976,63
St. Louis Browns,1945,63
St. Louis Browns,1928,63
St. Louis Cardinals,1923,63
Pittsburgh Pirates,1939,63
Boston Bees,1937,63
St. Louis Browns,1948,63
Philadelphia Athletics,1924,63
Boston Braves,1932,63
Chicago White Sox,1930,63
Brooklyn Dodgers,1933,62
St. Louis Browns,1934,62
Washington Senators,1936,62
Cleveland Indians,1929,62
Detroit Tigers,1928,62
Brooklyn Robins,1923,62
Brooklyn Dodgers,1942,62
Indianapolis Hoosiers,1889,62
Philadelphia Phillies,1914,62
Houston Colt .45's,1963,62
New York Mets,1980,61
Toronto Blue Jays,1981,61
Kansas City Royals,1981,61
Brooklyn Dodgers,1938,61
Boston Braves,1921,61
Philadelphia Athletics,1926,61
Washington Senators,1932,61
Philadelphia Athletics,1947,61
New York Giants,1893,61
Cincinnati Reds,1894,61
Philadelphia Phillies,1895,61
Philadelphia Phillies,1911,60
Chicago Colts,1891,60
Washington Senators,1946,60
St. Louis Cardinals,1931,60
Pittsburgh Pirates,1929,60
St. Louis Cardinals,1942,60
Philadelphia Phillies,1933,60
Washington Senators,1933,60
Philadelphia Phillies,1947,60
Pittsburgh Pirates,1946,60
Chicago White Sox,1936,60
Detroit Tigers,1944,60
Pittsburgh Pirates,1936,60
Brooklyn Dodgers,1935,59
Boston Bees,1940,59
Brooklyn Robins,1921,59
Cleveland Indians,1923,59
Chicago Cubs,1913,59
Washington Senators,1894,59
Philadelphia Phillies,1915,58
St. Louis Browns,1891,58
St. Louis Browns,1889,58
St. Louis Cardinals,1986,58
Detroit Tigers,1921,58
Brooklyn Dodgers,1945,57
Washington Senators,1930,57
Detroit Tigers,1933,57
St. Louis Cardinals,1933,57
Boston Red Sox,1943,57
Philadelphia Phillies,1927,57
Chicago Cubs,1945,57
Chicago Cubs,1981,57
New York Mets,1981,57
Texas Rangers,1972,56
Boston Beaneaters,1888,56
Philadelphia Phillies,1934,56
Boston Bees,1939,56
Pittsburgh Pirates,1941,56
Brooklyn Robins,1922,56
Brooklyn Dodgers,1944,56
Chicago Cubs,1946,56
Philadelphia Athletics,1927,56
Cincinnati Reds,1945,56
Philadelphia Phillies,1945,56
Washington Senators,1925,56
Cincinnati Reds,1934,55
Cleveland Indians,1943,55
Philadelphia Blue Jays,1944,55
Brooklyn Dodgers,1946,55
St. Louis Browns,1927,55
Chicago White Sox,1948,55
Pittsburgh Pirates,1981,55
California Angels,1975,55
Detroit Wolverines,1887,55
New York Giants,1888,55
Washington Senators,1895,55
Chicago Colts,1895,55
Philadelphia Athletics,1891,55
Boston Reds,1890,54
Boston Beaneaters,1895,54
Chicago Cubs,1911,54
Boston Beaneaters,1891,54
St. Louis Browns,1894,54
Chicago White Stockings,1885,54
Boston Bees,1938,54
Washington Senators,1951,54
Pittsburgh Pirates,1942,54
Boston Braves,1933,54
Detroit Tigers,1922,54
Pittsburgh Pirates,1927,54
Baltimore Orioles,1955,54
Philadelphia Athletics,1923,53
Boston Red Sox,1932,53
Chicago White Sox,1947,53
Boston Beaneaters,1887,53
Chicago White Stockings,1886,53
Boston Beaneaters,1898,53
Chicago Cubs,1915,53
Detroit Wolverines,1886,53
Chicago Chi-Feds,1914,52
Cincinnati Red Stockings,1889,52
Boston Reds,1891,52
New York Giants,1889,52
Boston Braves,1928,52
Pittsburgh Pirates,1934,52
Pittsburgh Pirates,1922,52
Baltimore Orioles,1954,52
Cleveland Indians,1925,52
Chicago Cubs,1943,52
Washington Senators,1940,52
Pittsburgh Pirates,1928,52
Washington Senators,1941,52
Cincinnati Reds,1944,51
Detroit Tigers,1927,51
Boston Red Sox,1934,51
Washington Senators,1934,51
Detroit Wolverines,1888,51
Philadelphia Phillies,1892,50
Chicago Whales,1915,50
Washington Senators,1952,50
Boston Red Sox,1945,50
Detroit Tigers,1925,50
Boston Red Sox,1933,50
Cleveland Indians,1933,50
St. Louis Browns,1920,50
Cleveland Indians,1942,50
St. Louis Cardinals,1981,50
Texas Rangers,1981,49
Houston Astros,1979,49
Philadelphia Athletics,1890,49
Philadelphia Phillies,1896,49
Pittsburgh Pirates,1911,49
Philadelphia Phillies,1939,49
Pittsburgh Pirates,1923,49
Washington Senators,1931,49
Washington Senators,1929,48
Boston Braves,1941,48
Pittsburgh Pirates,1932,48
Boston Americans,1903,48
New York Giants,1887,48
St. Louis Browns,1890,48
Boston Beaneaters,1900,48
Pittsburgh Pirates,1894,48
Washington Nationals,1887,47
New York Giants,1912,47
Philadelphia Quakers,1887,47
Brooklyn Bridegrooms,1889,47
St. Louis Perfectos,1899,47
Washington Senators,1902,47
Washington Senators,1899,47
Minnesota Twins,1981,47
Cincinnati Reds,1932,47
Boston Red Sox,1930,47
Washington Senators,1943,47
Chicago White Sox,1941,47
Washington Senators,1937,47
Pittsburgh Pirates,1937,47
St. Louis Browns,1929,46
New York Giants,1920,46
Chicago Cubs,1916,46
New York Giants,1891,46
Cincinnati Red Stockings,1886,45
Washington Senators,1896,45
Boston Beaneaters,1897,45
Brooklyn Grooms,1893,45
St. Louis Browns,1892,45
Chicago White Sox,1922,45
Boston Red Sox,1922,45
Cincinnati Reds,1923,45
Cincinnati Reds,1922,45
Washington Senators,1922,45
New York Yankees,1919,45
Houston Astros,1981,45
Cincinnati Reds,1892,44
Philadelphia Quakers,1889,44
Philadelphia Athletics,1920,44
Pittsburgh Pirates,1926,44
Pittsburgh Pirates,1924,44
Washington Senators,1939,44
Cincinnati Reds,1925,44
Boston Braves,1946,44
Philadelphia Phillies,1942,44
Washington Senators,1926,43
Cincinnati Reds,1943,43
Detroit Tigers,1931,43
Chicago White Sox,1933,43
Chicago White Sox,1949,43
Philadelphia Phillies,1912,43
Philadelphia Athletics,1889,43
Chicago Cubs,1912,43
Brooklyn Bridegrooms,1890,43
New York Giants,1894,43
Boston Red Sox,1910,43
Brooklyn Grooms,1894,42
Boston Beaneaters,1889,42
Louisville Colonels,1894,42
New York Giants,1916,42
Chicago Cubs,1914,42
Pittsburg Alleghenys,1889,42
Philadelphia Phillies,1916,42
Boston Americans,1902,42
Brooklyn Tip-Tops,1914,42
Cleveland Indians,1921,42
Philadelphia Phillies,1919,42
Washington Senators,1947,42
Washington Senators,1921,42
Chicago Cubs,1922,42
Pittsburgh Pirates,1943,42
Chicago White Sox,1923,42
Boston Braves,1925,41
Pittsburgh Pirates,1931,41
Detroit Tigers,1923,41
Chicago White Sox,1924,41
Cleveland Indians,1924,41
Boston Red Sox,1925,41
New York Giants,1911,41
Philadelphia Phillies,1894,40
Philadelphia Phillies,1897,40
Columbus Buckeyes,1884,40
Buffalo Blues,1915,40
Louisville Colonels,1897,40
Cincinnati Reds,1891,40
New York Giants,1896,40
Louisville Colonels,1899,40
Washington Senators,1928,40
Philadelphia Athletics,1946,40
New York Giants,1919,40
Washington Senators,1942,40
Brooklyn Robins,1926,40
Philadelphia Phillies,1938,40
New York Giants,1917,39
Boston Braves,1943,39
Pittsburgh Pirates,1933,39
Brooklyn Robins,1927,39
Brooklyn Dodgers,1943,39
Cleveland Indians,1981,39
New York Giants,1905,39
Buffalo Bisons,1884,39
Boston Beaneaters,1899,39
Kansas City Packers,1914,39
New York Giants,1892,39
St. Louis Cardinals,1901,39
Brooklyn Grooms,1895,39
Pittsburgh Pirates,1912,39
Brooklyn Superbas,1913,39
St. Louis Browns,1887,39
Buffalo Buffeds,1914,38
Cincinnati Reds,1901,38
Philadelphia Athletics,1902,38
St. Louis Browns,1895,38
Pittsburgh Pirates,1892,38
Chicago Colts,1897,38
Chicago White Sox,1925,38
Boston Red Sox,1928,38
Philadelphia Phillies,1917,38
Chicago Cubs,1921,37
Boston Red Sox,1931,37
Boston Braves,1927,37
Brooklyn Dodgers,1937,37
Pittsburgh Pirates,1921,37
Chicago White Sox,1946,37
Chicago White Sox,1929,37
Chicago White Sox,1920,37
Louisville Colonels,1896,37
Cincinnati Red Stockings,1887,37
St. Louis Browns,1896,37
Pittsburgh Pirates,1893,37
Cleveland Spiders,1894,37
Boston Rustlers,1911,37
Boston Americans,1901,37
Washington Senators,1892,37
St. Louis Browns,1888,36
Boston Beaneaters,1896,36
Cincinnati Red Stockings,1884,36
St. Louis Cardinals,1900,36
Boston Beaneaters,1884,36
Baltimore Terrapins,1915,36
Cincinnati Reds,1895,36
Washington Senators,1897,36
Brooklyn Tip-Tops,1915,36
Washington Senators,1898,36
Columbus Solons,1889,36
Cincinnati Reds,1924,36
Philadelphia Athletics,1944,36
Chicago White Sox,1932,36
Washington Senators,1920,36
Chicago White Sox,1927,36
Detroit Tigers,1926,36
Cleveland Indians,1920,35
Philadelphia Athletics,1919,35
Detroit Tigers,1924,35
Cincinnati Reds,1926,35
Chicago White Sox,1921,35
Pittsburgh Pirates,1913,35
Philadelphia Athletics,1911,35
Boston Red Sox,1911,35
New York Yankees,1916,35
Boston Braves,1914,35
Philadelphia Athletics,1901,35
Pittsburgh Burghers,1890,35
Boston Braves,1912,35
Boston Beaneaters,1892,34
Pittsburgh Pirates,1903,34
Brooklyn Ward's Wonders,1890,34
Indianapolis Hoosiers,1888,34
Louisville Colonels,1895,34
Pittsburgh Rebels,1914,34
New York Giants,1898,34
Chicago Cubs,1910,34
Cincinnati Red Stockings,1883,34
Chicago Colts,1896,34
Boston Beaneaters,1883,34
Cincinnati Reds,1933,34
Boston Red Sox,1923,34
Cleveland Indians,1928,34
Boston Braves,1931,34
Cincinnati Reds,1929,34
Chicago Cubs,1920,34
Brooklyn Dodgers,1936,33
Boston Braves,1929,33
Boston Red Sox,1919,33
Philadelphia Athletics,1942,33
Philadelphia Athletics,1945,33
Chicago White Sox,1943,33
Washington Senators,1944,33
Indianapolis Hoosiers,1887,33
Cleveland Bronchos,1902,33
Pittsburgh Pirates,1910,33
Philadelphia Phillies,1898,33
Baltimore Orioles,1902,33
Indianapolis Hoosiers,1914,33
Washington Senators,1901,33
Baltimore Orioles,1894,33
St. Louis Cardinals,1914,33
Chicago Orphans,1900,33
Philadelphia Athletics,1913,33
Cincinnati Reds,1900,33
New York Giants,1895,32
Cincinnati Red Stockings,1888,32
Brooklyn Dodgers,1912,32
Chicago Colts,1893,32
Cleveland Spiders,1893,32
Philadelphia Athletics,1906,32
St. Louis Maroons,1884,32
Baltimore Terrapins,1914,32
Louisville Colonels,1898,32
Boston Braves,1913,32
Brooklyn Superbas,1901,32
Philadelphia Athletics,1903,32
Chicago White Sox,1901,32
Baltimore Orioles,1884,32
Boston Braves,1922,32
Washington Senators,1935,32
Cleveland Indians,1922,32
Boston Braves,1923,32
Boston Red Sox,1926,32
Chicago White Sox,1926,32
St. Louis Cardinals,1920,32
Cincinnati Reds,1928,32
San Diego Padres,1981,32
St. Louis Browns,1919,31
Washington Senators,1948,31
New York Giants,1904,31
Philadelphia Athletics,1904,31
St. Louis Browns,1897,31
Cleveland Naps,1903,31
New York Giants,1897,31
Brooklyn Robins,1914,31
Baltimore Orioles,1887,31
Detroit Wolverines,1884,31
Philadelphia Phillies,1899,31
New York Yankees,1915,31
Rochester Broncos,1890,31
Boston Doves,1910,31
Chicago Pirates,1890,31
New York Giants,1910,31
Boston Beaneaters,1890,31
Philadelphia Athletics,1888,31
Brooklyn Grooms,1892,30
Baltimore Orioles,1892,30
New York Giants,1913,30
Philadelphia Athletics,1885,30
Baltimore Orioles,1891,30
Detroit Tigers,1911,30
St. Louis Maroons,1886,30
New York Giants,1914,30
Washington Nationals,1888,30
Boston Red Sox,1924,30
Detroit Tigers,1920,30
Washington Senators,1927,29
Cincinnati Reds,1927,29
Detroit Tigers,1901,29
Cincinnati Reds,1893,29
Pittsburgh Pirates,1891,29
St. Louis Browns,1902,29
Pittsburgh Pirates,1901,29
Boston Americans,1905,29
Philadelphia Phillies,1900,29
Cleveland Spiders,1895,29
Brooklyn Superbas,1905,29
Philadelphia Athletics,1887,29
Philadelphia Athletics,1914,29
Boston Red Sox,1912,29
Brooklyn Superbas,1908,28
Boston Beaneaters,1901,28
Cleveland Spiders,1896,28
Detroit Tigers,1910,28
Cincinnati Kelly's Killers,1891,28
Kansas City Packers,1915,28
Brooklyn Dodgers,1911,28
Brooklyn Robins,1916,28
Brooklyn Bridegrooms,1896,28
Cincinnati Reds,1903,28
Brooklyn Robins,1920,28
Boston Red Sox,1929,28
Boston Red Sox,1927,28
Chicago White Sox,1931,27
St. Louis Cardinals,1918,27
New York Yankees,1917,27
Washington Senators,1945,27
Cleveland Indians,1926,27
Chicago Orphans,1899,27
Pittsburgh Pirates,1896,27
Baltimore Orioles,1893,27
Pittsburgh Pirates,1899,27
Cincinnati Reds,1905,27
Cleveland Infants,1890,27
Cincinnati Reds,1890,27
Brooklyn Superbas,1899,27
New York Highlanders,1904,27
Cincinnati Reds,1913,27
St. Louis Cardinals,1912,27
Cleveland Naps,1904,27
Louisville Colonels,1887,27
Cincinnati Red Stockings,1885,26
Philadelphia Athletics,1884,26
Brooklyn Superbas,1900,26
St. Louis Cardinals,1911,26
Pittsburgh Pirates,1895,26
Pittsburgh Pirates,1900,26
Cincinnati Reds,1917,26
Chicago Colts,1892,26
Washington Senators,1906,26
Milwaukee Brewers,1901,26
New York Giants,1909,26
Philadelphia Quakers,1886,26
Cincinnati Outlaw Reds,1884,26
Boston Americans,1904,26
Cleveland Spiders,1892,26
St. Louis Terriers,1914,26
St. Louis Cardinals,1917,26
Cleveland Indians,1927,26
Philadelphia Athletics,1943,26
Washington Senators,1923,26
Detroit Tigers,1917,25
Boston Braves,1924,25
Brooklyn Robins,1919,25
Chicago White Sox,1942,25
Chicago White Sox,1919,25
Philadelphia Phillies,1918,25
Detroit Tigers,1914,25
Pittsburgh Pirates,1897,25
Detroit Wolverines,1885,25
New York Highlanders,1911,25
Chicago White Sox,1915,25
Baltimore Orioles,1895,25
Pittsburgh Pirates,1908,25
Pittsburgh Pirates,1909,25
Brooklyn Robins,1917,25
Boston Beaneaters,1903,25
New York Giants,1890,25
Brooklyn Grays,1887,25
Brooklyn Bridegrooms,1888,25
Washington Nationals,1889,25
St. Louis Cardinals,1916,25
Brooklyn Superbas,1906,25
Cleveland Spiders,1889,25
Brooklyn Superbas,1910,25
Boston Beaneaters,1886,24
Philadelphia Athletics,1905,24
Boston Beaneaters,1904,24
Chicago White Sox,1913,24
New York Gothams,1883,24
Detroit Tigers,1913,24
St. Louis Cardinals,1904,24
Toledo Maumees,1890,24
Pittsburgh Pirates,1915,24
Baltimore Orioles,1901,24
Philadelphia Athletics,1890,24
Philadelphia Phillies,1901,24
New York Giants,1915,24
Brooklyn Bridegrooms,1897,24
Cleveland Indians,1919,24
Chicago White Sox,1928,24
Washington Senators,1919,24
Boston Braves,1919,24
Chicago White Sox,1944,23
Boston Braves,1920,23
Detroit Tigers,1919,23
Washington Nationals,1886,23
Brooklyn Grooms,1891,23
St. Louis Terriers,1915,23
New York Giants,1907,23
New York Giants,1899,23
Philadelphia Phillies,1890,23
Baltimore Orioles,1896,23
New York Gothams,1884,23
Philadelphia Phillies,1904,23
Washington Senators,1893,23
New York Giants,1900,23
Cincinnati Reds,1910,23
New York Highlanders,1905,23
Detroit Tigers,1915,23
Buffalo Bisons,1885,23
Philadelphia Phillies,1910,22
Pittsburgh Pirates,1905,22
Cincinnati Reds,1897,22
Boston Braves,1917,22
Detroit Tigers,1902,22
Washington Senators,1905,22
Philadelphia Athletics,1912,22
Chicago Cubs,1904,22
Boston Braves,1916,22
Cincinnati Reds,1909,22
Cleveland Spiders,1891,22
Boston Beaneaters,1885,22
New York Metropolitans,1884,22
Louisville Colonels,1889,22
Boston Doves,1907,22
Philadelphia Athletics,1907,22
Boston Red Sox,1920,22
Chicago White Sox,1945,22
Philadelphia Athletics,1918,22
Washington Senators,1924,22
Chicago Cubs,1918,21
Chicago Cubs,1919,21
Cincinnati Reds,1931,21
Philadelphia Athletics,1908,21
Cincinnati Reds,1904,21
Cleveland Spiders,1890,21
Providence Grays,1884,21
Philadelphia Phillies,1891,21
Cincinnati Reds,1912,21
New York Metropolitans,1885,21
Providence Grays,1883,21
New York Metropolitans,1887,21
Cincinnati Reds,1911,21
Philadelphia Athletics,1886,21
New York Giants,1886,21
Philadelphia Athletics,1909,21
St. Louis Cardinals,1905,20
Cleveland Indians,1915,20
New York Giants,1903,20
Pittsburgh Rebels,1915,20
Boston Red Caps,1879,20
Pittsburgh Pirates,1916,20
Washington Senators,1912,20
St. Louis Cardinals,1915,20
Philadelphia Quakers,1885,20
St. Louis Browns,1908,20
Baltimore Orioles,1889,20
St. Louis Browns,1886,20
Chicago Cubs,1906,20
Buffalo Bisons,1890,20
New York Highlanders,1910,20
Philadelphia Athletics,1883,20
Louisville Colonels,1886,20
Boston Red Sox,1909,20
Indianapolis Hoosiers,1884,20
Pittsburg Alleghenys,1890,20
St. Louis Browns,1906,20
Chicago White Sox,1911,20
Chicago Cubs,1909,20
Boston Red Caps,1880,20
Cincinnati Reds,1896,20
Pittsburg Alleghenys,1887,20
Columbus Solons,1891,20
Cleveland Naps,1911,20
New York Giants,1908,20
Cleveland Blues,1882,20
Cincinnati Reds,1919,20
Cincinnati Reds,1921,20
New York Yankees,1918,20
Detroit Tigers,1908,19
Boston Reds,1884,19
Kansas City Cowboys,1886,19
Pittsburgh Pirates,1907,19
Brooklyn Superbas,1902,19
Chicago Cubs,1908,19
St. Louis Cardinals,1907,19
Philadelphia Athletics,1916,19
Washington Statesmen,1891,19
New York Giants,1901,19
Detroit Tigers,1909,19
Cincinnati Reds,1898,19
St. Louis Browns,1912,19
Detroit Tigers,1912,19
Baltimore Orioles,1897,19
Baltimore Orioles,1888,19
Detroit Wolverines,1882,19
Kansas City Cowboys,1888,19
Washington Senators,1913,19
Chicago White Sox,1914,19
Louisville Colonels,1885,19
Philadelphia Athletics,1910,19
St. Louis Browns,1915,19
Louisville Colonels,1893,19
Kansas City Cowboys,1889,18
New York Highlanders,1903,18
Boston Americans,1907,18
New York Metropolitans,1886,18
Pittsburgh Pirates,1902,18
Cincinnati Reds,1902,18
Chicago White Sox,1917,18
Cleveland Naps,1905,18
Chicago Orphans,1901,18
Pittsburgh Pirates,1914,18
Chicago Orphans,1898,18
Boston Red Sox,1914,18
Washington Senators,1914,18
Louisville Colonels,1892,18
St. Louis Browns,1913,18
Pittsburg Alleghenys,1882,18
Buffalo Bisons,1882,18
New York Highlanders,1912,18
Boston Red Stockings,1874,18
Cleveland Naps,1908,18
Brooklyn Superbas,1907,18
Cleveland Spiders,1898,18
Cincinnati Reds,1920,18
St. Louis Cardinals,1919,18
Pittsburgh Pirates,1919,17
Philadelphia Athletics,1917,17
Boston Red Sox,1921,17
Chicago Cubs,1917,17
St. Louis Browns,1911,17
Chicago White Sox,1912,17
Boston Red Sox,1913,17
Washington Senators,1903,17
St. Louis Cardinals,1908,17
Boston Braves,1915,17
Detroit Tigers,1916,17
Chicago White Sox,1916,17
New York Highlanders,1906,17
Newark Pepper,1915,17
Boston Beaneaters,1905,17
St. Louis Browns,1914,17
St. Louis Browns,1885,17
Baltimore Orioles,1899,17
Baltimore Monumentals,1884,17
Boston Doves,1908,17
Louisville Eclipse,1884,17
Baltimore Orioles,1885,17
Brooklyn Bridegrooms,1898,17
Louisville Colonels,1891,17
Detroit Wolverines,1881,17
Cincinnati Reds,1906,16
Brooklyn Superbas,1909,16
Philadelphia Quakers,1888,16
Philadelphia Phillies,1905,16
St. Louis Browns,1905,16
Pittsburg Alleghenys,1886,16
Cleveland Spiders,1897,16
Columbus Solons,1890,16
New York Giants,1885,16
Brooklyn Grays,1886,16
Worcester Ruby Legs,1882,16
New York Highlanders,1909,16
Cleveland Blues,1884,16
Philadelphia Athletics,1915,16
Cincinnati Reds,1914,16
Boston Beaneaters,1906,16
Cleveland Naps,1913,16
Washington Senators,1911,16
Cleveland Indians,1916,16
Brooklyn Atlantics,1884,16
Boston Braves,1926,16
Pittsburgh Pirates,1920,16
Cincinnati Reds,1918,15
Pittsburgh Pirates,1918,15
St. Louis Browns,1917,15
Boston Red Sox,1918,15
Cincinnati Reds,1907,15
Cincinnati Reds,1915,15
St. Louis Cardinals,1909,15
Columbus Buckeyes,1883,15
St. Louis Cardinals,1913,15
Boston Doves,1909,15
Brooklyn Superbas,1903,15
New York Giants,1906,15
New York Highlanders,1907,15
Chicago White Stockings,1882,15
St. Louis Cardinals,1910,15
Boston Red Caps,1882,15
Pittsburgh Pirates,1904,15
Louisville Colonels,1890,15
Brooklyn Superbas,1904,15
Pittsburg Alleghenys,1888,14
Cincinnati Reds,1908,14
Boston Red Sox,1908,14
Boston Red Sox,1915,14
St. Louis Browns,1916,14
Baltimore Canaries,1872,14
Boston Red Sox,1916,14
Philadelphia Quakers,1884,14
Cincinnati Reds,1916,14
Louisville Eclipse,1883,14
Boston Red Sox,1917,14
Syracuse Stars,1890,14
Chicago White Sox,1904,14
Chicago White Sox,1902,14
Louisville Colonels,1888,14
Boston Red Stockings,1875,14
Cleveland Blues,1887,14
Brooklyn Robins,1915,14
Pittsburgh Pirates,1898,14
Boston Beaneaters,1902,14
Chicago White Sox,1903,14
Brooklyn Grays,1885,14
New York Highlanders,1908,13
Cleveland Indians,1917,13
Cincinnati Reds,1899,13
Pittsburg Alleghenys,1883,13
Boston Red Stockings,1873,13
St. Louis Browns,1898,13
Detroit Wolverines,1883,13
Brooklyn Gladiators,1890,13
Boston Americans,1906,13
Detroit Tigers,1905,13
Chicago White Stockings,1883,13
Milwaukee Brewers,1891,13
Chicago Cubs,1907,13
Detroit Tigers,1918,13
New York Giants,1918,13
Boston Braves,1918,13
New York Yankees,1914,12
Baltimore Orioles,1898,12
Buffalo Bisons,1881,12
Chicago White Stockings,1881,12
Philadelphia Phillies,1903,12
Cleveland Naps,1912,12
Cleveland Spiders,1899,12
Providence Grays,1879,12
Troy Trojans,1882,12
Cleveland Blues,1901,12
St. Louis Browns,1903,12
Philadelphia Phillies,1909,12
Detroit Tigers,1903,12
St. Louis Browns,1910,12
Cleveland Naps,1906,12
Washington Senators,1915,12
Baltimore Canaries,1873,12
Washington Senators,1916,12
Chicago Cubs,1905,12
Washington Senators,1907,12
Cleveland Blues,1888,12
Philadelphia Phillies,1907,12
Philadelphia Phillies,1906,12
Pittsburgh Pirates,1906,12
St. Louis Brown Stockings,1882,11
Detroit Tigers,1907,11
Providence Grays,1882,11
Cleveland Naps,1907,11
St. Louis Browns,1884,11
Chicago White Sox,1905,11
Providence Grays,1881,11
Detroit Tigers,1904,11
Philadelphia Phillies,1908,11
St. Louis Cardinals,1902,10
St. Louis Cardinals,1906,10
Washington Senators,1904,10
Chicago White Stockings,1871,10
Detroit Tigers,1906,10
St. Louis Browns,1904,10
St. Louis Browns,1909,10
St. Louis Browns,1907,10
St. Louis Browns,1893,10
Cleveland Naps,1909,10
Philadelphia Athletics,1875,10
Cleveland Naps,1914,10
Chicago/Pittsburgh (Union League),1884,10
Brooklyn Robins,1918,10
Cleveland Indians,1918,9
Pittsburgh Pirates,1917,9
Philadelphia Athletics,1871,9
Louisville Eclipse,1882,9
Chicago Cubs,1903,9
Louisville Grays,1877,9
Washington Senators,1910,9
Washington Senators,1909,9
Boston Red Caps,1876,9
Cleveland Naps,1910,9
Worcester Ruby Legs,1880,8
New York Mutuals,1874,8
New York Yankees,1913,8
Philadelphia Whites,1873,8
Cincinnati Reds,1879,8
Providence Grays,1878,8
Chicago White Stockings,1876,8
New York Giants,1902,8
Providence Grays,1880,8
Buffalo Bisons,1883,8
St. Louis Cardinals,1903,8
St. Louis Maroons,1885,8
Toledo Blue Stockings,1884,8
Baltimore Orioles,1886,8
Cleveland Blues,1883,8
Washington Senators,1908,8
Chicago White Sox,1918,8
Chicago White Sox,1906,7
Philadelphia Keystones,1884,7
New York Mutuals,1875,7
St. Louis Browns,1883,7
Richmond Virginians,1884,7
Cincinnati Reds,1880,7
Cleveland Blues,1881,7
Worcester Ruby Legs,1881,7
Philadelphia Athletics,1876,7
Cleveland Blues,1880,7
Boston Red Stockings,1872,7
Chicago White Sox,1910,7
Cleveland Forest Citys,1871,7
New York Metropolitans,1883,6
Cincinnati Reds,1877,6
Kansas City Cowboys,1884,6
Washington Nationals,1884,6
Brooklyn Atlantics,1873,6
Providence Grays,1885,6
Washington Olympics,1871,6
Chicago Orphans,1902,6
Troy Haymakers,1871,6
Philadelphia Athletics,1874,6
Louisville Grays,1876,6
Chicago White Sox,1907,5
New York Mutuals,1873,5
Philadelphia Whites,1875,5
Philadelphia Phillies,1902,5
Troy Haymakers,1872,5
Pittsburg Alleghenys,1885,5
Cincinnati Reds,1878,5
Cincinnati Red Stockings,1882,5
Boston Red Caps,1881,5
Philadelphia Athletics,1882,5
Syracuse Stars,1879,5
Troy Trojans,1880,5
Troy Trojans,1881,5
Baltimore Orioles,1883,5
St. Louis Browns,1918,5
Washington Senators,1918,4
Washington Senators,1917,4
Cleveland Blues,1879,4
Philadelphia Athletics,1873,4
Troy Trojans,1879,4
Boston Red Caps,1877,4
Philadelphia Athletics,1872,4
New York Mutuals,1872,4
Cincinnati Reds,1876,4
Washington Nationals,1884,4
Baltimore Orioles,1882,4
Hartford Dark Blues,1877,4
Chicago White Stockings,1880,4
Chicago White Sox,1909,4
Boston Red Stockings,1871,3
Chicago White Sox,1908,3
Washington Blue Legs,1873,3
Buffalo Bisons,1880,3
Chicago White Stockings,1879,3
Chicago White Stockings,1874,3
Chicago White Stockings,1878,3
Rockford Forest Citys,1871,3
Philadelphia Quakers,1883,3
Philadelphia Whites,1874,3
Indianapolis Blues,1878,3
Wilmington Quicksteps,1884,2
New York Mutuals,1876,2
Hartford Dark Blues,1876,2
St. Louis Brown Stockings,1876,2
Fort Wayne Kekiongas,1871,2
Hartford Dark Blues,1874,2
Baltimore Orioles,1890,2
Boston Red Caps,1878,2
Altoona Mountain City,1884,2
New Haven Elm Citys,1875,2
Brooklyn Atlantics,1875,2
Pittsburg Alleghenys,1884,2
Buffalo Bisons,1879,2
Milwaukee Grays,1878,2
Hartford Dark Blues,1875,2
New York Mutuals,1871,1
Middletown Mansfields,1872,1
St. Louis Brown Stockings,1877,1
Brooklyn Atlantics,1874,1
Baltimore Canaries,1874,1
Cleveland Forest Citys,1872,0
Philadelphia Centennials,1875,0
St. Louis Red Stockings,1875,0
St. Louis Brown Stockings,1875,0
Washington Nationals,1875,0
Chicago White Stockings,1877,0
Chicago White Stockings,1875,0
Milwaukee Brewers,1884,0
Keokuk Westerns,1875,0
Elizabeth Resolutes,1873,0
Brooklyn Eckfords,1872,0
Brooklyn Atlantics,1872,0
St. Paul White Caps,1884,0
Baltimore Marylands,1873,0
Washington Nationals,1872,0
Washington Olympics,1872,0
