nameFirst,nameLast,tname
Ed,Curtis,Altoona Mountain City
Joe,Maddon,Anaheim Angels
Terry,Collins,Anaheim Angels
Mike,Scioscia,Anaheim Angels
Bob,Brenly,Arizona Diamondbacks
Buck,Showalter,Arizona Diamondbacks
Kirk,Gibson,Arizona Diamondbacks
Al,Pedrique,Arizona Diamondbacks
A. J.,Hinch,Arizona Diamondbacks
Bob,Melvin,Arizona Diamondbacks
Alan,Trammell,Arizona Diamondbacks
Chip,Hale,Arizona Diamondbacks
Billy,Hitchcock,Atlanta Braves
Eddie,Mathews,Atlanta Braves
Lum,Harris,Atlanta Braves
Ken,Silvestri,Atlanta Braves
Bobby,Bragan,Atlanta Braves
Dave,Bristol,Atlanta Braves
Clyde,King,Atlanta Braves
Bobby,Cox,Atlanta Braves
Connie,Ryan,Atlanta Braves
Ted,Turner,Atlanta Braves
Vern,Benson,Atlanta Braves
Chuck,Tanner,Atlanta Braves
Eddie,Haas,Atlanta Braves
Bobby,Wine,Atlanta Braves
Joe,Torre,Atlanta Braves
Russ,Nixon,Atlanta Braves
Brian,Snitker,Atlanta Braves
Fredi,Gonzalez,Atlanta Braves
Bill,Henderson,Baltimore Monumentals
John,Waltz,Baltimore Orioles
Ned,Hanlon,Baltimore Orioles
Jimmy,Dykes,Baltimore Orioles
Paul,Richards,Baltimore Orioles
Lum,Harris,Baltimore Orioles
Hank,Bauer,Baltimore Orioles
Billy,Hitchcock,Baltimore Orioles
Earl,Weaver,Baltimore Orioles
Joe,Altobelli,Baltimore Orioles
Cal,Ripken,Baltimore Orioles
Frank,Robinson,Baltimore Orioles
Johnny,Oates,Baltimore Orioles
Davey,Johnson,Baltimore Orioles
Ray,Miller,Baltimore Orioles
Phil,Regan,Baltimore Orioles
Mike,Hargrove,Baltimore Orioles
Lee,Mazzilli,Baltimore Orioles
Dave,Trembley,Baltimore Orioles
Billy,Barnie,Baltimore Orioles
Sam,Perlozzo,Baltimore Orioles
Juan,Samuel,Baltimore Orioles
Buck,Showalter,Baltimore Orioles
Fred,Lake,Boston Americans
Patsy,Donovan,Boston Americans
George,Huff,Boston Americans
Ed,Barrow,Boston Americans
Bill,Carrigan,Boston Americans
Frank,Chance,Boston Americans
Hugh,Duffy,Boston Americans
Lee,Fohl,Boston Americans
Bucky,Harris,Boston Americans
Shano,Collins,Boston Americans
Heinie,Wagner,Boston Americans
Joe,McCarthy,Boston Americans
Steve,O'Neill,Boston Americans
Joe,Cronin,Boston Americans
Rudy,York,Boston Americans
Billy,Jurges,Boston Americans
Pinky,Higgins,Boston Americans
Lou,Boudreau,Boston Americans
Johnny,Pesky,Boston Americans
Del,Baker,Boston Americans
Billy,Herman,Boston Americans
Eddie,Kasko,Boston Americans
Dick,Williams,Boston Americans
Eddie,Popowski,Boston Americans
Pete,Runnels,Boston Americans
Don,Zimmer,Boston Americans
Darrell,Johnson,Boston Americans
Ralph,Houk,Boston Americans
John,McNamara,Boston Americans
Joe,Morgan,Boston Americans
Butch,Hobson,Boston Americans
Joe,Kerrigan,Boston Americans
Kevin,Kennedy,Boston Americans
Jimy,Williams,Boston Americans
Grady,Little,Boston Americans
Terry,Francona,Boston Americans
John,Farrell,Boston Americans
Bobby,Valentine,Boston Americans
Frank,Selee,Boston Beaneaters
Al,Buckenberger,Boston Beaneaters
George,Stallings,Boston Beaneaters
Judge,Fuchs,Boston Beaneaters
Fred,Mitchell,Boston Beaneaters
Jack,Slattery,Boston Beaneaters
Bill,McKechnie,Boston Beaneaters
Casey,Stengel,Boston Beaneaters
Billy,Southworth,Boston Beaneaters
Johnny,Cooney,Boston Beaneaters
Bob,Coleman,Boston Beaneaters
Del,Bissonette,Boston Beaneaters
Tommy,Holmes,Boston Beaneaters
Charlie,Grimm,Boston Beaneaters
Jim,Hart,Boston Beaneaters
Harry,Wright,Boston Beaneaters
Frank,Selee,Boston Bees
Al,Buckenberger,Boston Bees
George,Stallings,Boston Bees
Fred,Mitchell,Boston Bees
Jack,Slattery,Boston Bees
Bill,McKechnie,Boston Bees
Judge,Fuchs,Boston Bees
Casey,Stengel,Boston Bees
Billy,Southworth,Boston Bees
Johnny,Cooney,Boston Bees
Bob,Coleman,Boston Bees
Del,Bissonette,Boston Bees
Tommy,Holmes,Boston Bees
Charlie,Grimm,Boston Bees
Harry,Wright,Boston Bees
Jim,Hart,Boston Bees
Frank,Selee,Boston Braves
Al,Buckenberger,Boston Braves
George,Stallings,Boston Braves
Fred,Mitchell,Boston Braves
Jack,Slattery,Boston Braves
Bill,McKechnie,Boston Braves
Judge,Fuchs,Boston Braves
Casey,Stengel,Boston Braves
Billy,Southworth,Boston Braves
Johnny,Cooney,Boston Braves
Bob,Coleman,Boston Braves
Del,Bissonette,Boston Braves
Tommy,Holmes,Boston Braves
Charlie,Grimm,Boston Braves
Harry,Wright,Boston Braves
Jim,Hart,Boston Braves
Frank,Selee,Boston Doves
Al,Buckenberger,Boston Doves
George,Stallings,Boston Doves
Jack,Slattery,Boston Doves
Judge,Fuchs,Boston Doves
Fred,Mitchell,Boston Doves
Bill,McKechnie,Boston Doves
Casey,Stengel,Boston Doves
Billy,Southworth,Boston Doves
Johnny,Cooney,Boston Doves
Bob,Coleman,Boston Doves
Del,Bissonette,Boston Doves
Tommy,Holmes,Boston Doves
Charlie,Grimm,Boston Doves
Jim,Hart,Boston Doves
Harry,Wright,Boston Doves
Frank,Selee,Boston Red Caps
Al,Buckenberger,Boston Red Caps
George,Stallings,Boston Red Caps
Judge,Fuchs,Boston Red Caps
Fred,Mitchell,Boston Red Caps
Jack,Slattery,Boston Red Caps
Bill,McKechnie,Boston Red Caps
Casey,Stengel,Boston Red Caps
Johnny,Cooney,Boston Red Caps
Bob,Coleman,Boston Red Caps
Del,Bissonette,Boston Red Caps
Billy,Southworth,Boston Red Caps
Tommy,Holmes,Boston Red Caps
Charlie,Grimm,Boston Red Caps
Jim,Hart,Boston Red Caps
Harry,Wright,Boston Red Caps
Fred,Lake,Boston Red Sox
Patsy,Donovan,Boston Red Sox
George,Huff,Boston Red Sox
Ed,Barrow,Boston Red Sox
Bill,Carrigan,Boston Red Sox
Frank,Chance,Boston Red Sox
Hugh,Duffy,Boston Red Sox
Lee,Fohl,Boston Red Sox
Bucky,Harris,Boston Red Sox
Shano,Collins,Boston Red Sox
Heinie,Wagner,Boston Red Sox
Joe,McCarthy,Boston Red Sox
Joe,Cronin,Boston Red Sox
Rudy,York,Boston Red Sox
Billy,Jurges,Boston Red Sox
Steve,O'Neill,Boston Red Sox
Pinky,Higgins,Boston Red Sox
Lou,Boudreau,Boston Red Sox
Johnny,Pesky,Boston Red Sox
Del,Baker,Boston Red Sox
Billy,Herman,Boston Red Sox
Eddie,Kasko,Boston Red Sox
Dick,Williams,Boston Red Sox
Eddie,Popowski,Boston Red Sox
Pete,Runnels,Boston Red Sox
Don,Zimmer,Boston Red Sox
Darrell,Johnson,Boston Red Sox
Ralph,Houk,Boston Red Sox
John,McNamara,Boston Red Sox
Joe,Morgan,Boston Red Sox
Butch,Hobson,Boston Red Sox
Joe,Kerrigan,Boston Red Sox
Kevin,Kennedy,Boston Red Sox
Jimy,Williams,Boston Red Sox
Grady,Little,Boston Red Sox
Terry,Francona,Boston Red Sox
Bobby,Valentine,Boston Red Sox
John,Farrell,Boston Red Sox
Frank,Selee,Boston Rustlers
Al,Buckenberger,Boston Rustlers
George,Stallings,Boston Rustlers
Fred,Mitchell,Boston Rustlers
Jack,Slattery,Boston Rustlers
Bill,McKechnie,Boston Rustlers
Judge,Fuchs,Boston Rustlers
Casey,Stengel,Boston Rustlers
Billy,Southworth,Boston Rustlers
Johnny,Cooney,Boston Rustlers
Bob,Coleman,Boston Rustlers
Del,Bissonette,Boston Rustlers
Tommy,Holmes,Boston Rustlers
Charlie,Grimm,Boston Rustlers
Harry,Wright,Boston Rustlers
Jim,Hart,Boston Rustlers
George,Taylor,Brooklyn Atlantics
Charlie,Hackett,Brooklyn Atlantics
Bill,McGunnigle,Brooklyn Atlantics
Charlie,Byrne,Brooklyn Atlantics
Billy,Barnie,Brooklyn Bridegrooms
Ned,Hanlon,Brooklyn Bridegrooms
Charlie,Ebbets,Brooklyn Bridegrooms
Bill,Dahlen,Brooklyn Bridegrooms
Patsy,Donovan,Brooklyn Bridegrooms
Wilbert,Robinson,Brooklyn Bridegrooms
Casey,Stengel,Brooklyn Bridegrooms
Max,Carey,Brooklyn Bridegrooms
Burleigh,Grimes,Brooklyn Bridegrooms
Ray,Blades,Brooklyn Bridegrooms
Clyde,Sukeforth,Brooklyn Bridegrooms
Burt,Shotton,Brooklyn Bridegrooms
Leo,Durocher,Brooklyn Bridegrooms
Walter,Alston,Brooklyn Bridegrooms
Chuck,Dressen,Brooklyn Bridegrooms
George,Taylor,Brooklyn Bridegrooms
Charlie,Hackett,Brooklyn Bridegrooms
Bill,McGunnigle,Brooklyn Bridegrooms
Charlie,Byrne,Brooklyn Bridegrooms
Billy,Barnie,Brooklyn Dodgers
Ned,Hanlon,Brooklyn Dodgers
Charlie,Ebbets,Brooklyn Dodgers
Bill,McGunnigle,Brooklyn Dodgers
Bill,Dahlen,Brooklyn Dodgers
Patsy,Donovan,Brooklyn Dodgers
Wilbert,Robinson,Brooklyn Dodgers
Casey,Stengel,Brooklyn Dodgers
Max,Carey,Brooklyn Dodgers
Burleigh,Grimes,Brooklyn Dodgers
Ray,Blades,Brooklyn Dodgers
Clyde,Sukeforth,Brooklyn Dodgers
Burt,Shotton,Brooklyn Dodgers
Leo,Durocher,Brooklyn Dodgers
Walter,Alston,Brooklyn Dodgers
Chuck,Dressen,Brooklyn Dodgers
Jim,Kennedy,Brooklyn Gladiators
George,Taylor,Brooklyn Grays
Charlie,Hackett,Brooklyn Grays
Bill,McGunnigle,Brooklyn Grays
Charlie,Byrne,Brooklyn Grays
Billy,Barnie,Brooklyn Grooms
Ned,Hanlon,Brooklyn Grooms
Charlie,Ebbets,Brooklyn Grooms
Bill,McGunnigle,Brooklyn Grooms
Bill,Dahlen,Brooklyn Grooms
Patsy,Donovan,Brooklyn Grooms
Wilbert,Robinson,Brooklyn Grooms
Casey,Stengel,Brooklyn Grooms
Max,Carey,Brooklyn Grooms
Burleigh,Grimes,Brooklyn Grooms
Ray,Blades,Brooklyn Grooms
Clyde,Sukeforth,Brooklyn Grooms
Burt,Shotton,Brooklyn Grooms
Leo,Durocher,Brooklyn Grooms
Walter,Alston,Brooklyn Grooms
Chuck,Dressen,Brooklyn Grooms
Billy,Barnie,Brooklyn Robins
Ned,Hanlon,Brooklyn Robins
Charlie,Ebbets,Brooklyn Robins
Bill,McGunnigle,Brooklyn Robins
Bill,Dahlen,Brooklyn Robins
Patsy,Donovan,Brooklyn Robins
Wilbert,Robinson,Brooklyn Robins
Burleigh,Grimes,Brooklyn Robins
Casey,Stengel,Brooklyn Robins
Max,Carey,Brooklyn Robins
Ray,Blades,Brooklyn Robins
Clyde,Sukeforth,Brooklyn Robins
Burt,Shotton,Brooklyn Robins
Leo,Durocher,Brooklyn Robins
Walter,Alston,Brooklyn Robins
Chuck,Dressen,Brooklyn Robins
Billy,Barnie,Brooklyn Superbas
Ned,Hanlon,Brooklyn Superbas
Charlie,Ebbets,Brooklyn Superbas
Bill,McGunnigle,Brooklyn Superbas
Bill,Dahlen,Brooklyn Superbas
Patsy,Donovan,Brooklyn Superbas
Wilbert,Robinson,Brooklyn Superbas
Casey,Stengel,Brooklyn Superbas
Max,Carey,Brooklyn Superbas
Burleigh,Grimes,Brooklyn Superbas
Ray,Blades,Brooklyn Superbas
Clyde,Sukeforth,Brooklyn Superbas
Burt,Shotton,Brooklyn Superbas
Leo,Durocher,Brooklyn Superbas
Walter,Alston,Brooklyn Superbas
Chuck,Dressen,Brooklyn Superbas
John,Ganzel,Brooklyn Tip-Tops
Jack,Chapman,Buffalo Bisons
Larry,Schlafly,Buffalo Blues
Larry,Schlafly,Buffalo Buffeds
Bill,Rigney,California Angels
Lefty,Phillips,California Angels
Del,Rice,California Angels
Dick,Williams,California Angels
Dave,Garcia,California Angels
Jim,Fregosi,California Angels
Bobby,Winkles,California Angels
Norm,Sherry,California Angels
Whitey,Herzog,California Angels
Gene,Mauch,California Angels
John,McNamara,California Angels
Cookie,Rojas,California Angels
Moose,Stubing,California Angels
John,Wathan,California Angels
Doug,Rader,California Angels
Buck,Rodgers,California Angels
Joe,Maddon,California Angels
Marcel,Lachemann,California Angels
Tom,Loftus,Chicago Colts
Tom,Burns,Chicago Colts
Frank,Selee,Chicago Colts
Hank,O'Day,Chicago Colts
Johnny,Evers,Chicago Colts
George,Gibson,Chicago Colts
Joe,McCarthy,Chicago Colts
Bill,Killefer,Chicago Colts
Fred,Mitchell,Chicago Colts
Charlie,Grimm,Chicago Colts
Frankie,Frisch,Chicago Colts
Roy,Johnson,Chicago Colts
Jimmie,Wilson,Chicago Colts
Stan,Hack,Chicago Colts
Bob,Scheffing,Chicago Colts
Charlie,Metro,Chicago Colts
Lou,Boudreau,Chicago Colts
Vedie,Himsl,Chicago Colts
Harry,Craft,Chicago Colts
El,Tappe,Chicago Colts
Lou,Klein,Chicago Colts
Bob,Kennedy,Chicago Colts
Leo,Durocher,Chicago Colts
Whitey,Lockman,Chicago Colts
Jim,Marshall,Chicago Colts
Joey,Amalfitano,Chicago Colts
Herman,Franks,Chicago Colts
John,Vukovich,Chicago Colts
Gene,Michael,Chicago Colts
Charlie,Fox,Chicago Colts
Lee,Elia,Chicago Colts
Preston,Gomez,Chicago Colts
Jim,Frey,Chicago Colts
Joe,Altobelli,Chicago Colts
Jim,Essian,Chicago Colts
Don,Zimmer,Chicago Colts
Frank,Lucchesi,Chicago Colts
Jim,Lefebvre,Chicago Colts
Don,Baylor,Chicago Colts
Rene,Lachemann,Chicago Colts
Tom,Trebelhorn,Chicago Colts
Jim,Riggleman,Chicago Colts
Dusty,Baker,Chicago Colts
Mike,Quade,Chicago Colts
Bruce,Kimm,Chicago Colts
Lou,Piniella,Chicago Colts
Rich,Renteria,Chicago Colts
Dale,Sveum,Chicago Colts
Joe,Maddon,Chicago Colts
Tom,Loftus,Chicago Cubs
Tom,Burns,Chicago Cubs
Frank,Selee,Chicago Cubs
Hank,O'Day,Chicago Cubs
Johnny,Evers,Chicago Cubs
George,Gibson,Chicago Cubs
Joe,McCarthy,Chicago Cubs
Bill,Killefer,Chicago Cubs
Fred,Mitchell,Chicago Cubs
Charlie,Grimm,Chicago Cubs
Frankie,Frisch,Chicago Cubs
Roy,Johnson,Chicago Cubs
Jimmie,Wilson,Chicago Cubs
Stan,Hack,Chicago Cubs
Bob,Scheffing,Chicago Cubs
Charlie,Metro,Chicago Cubs
Lou,Boudreau,Chicago Cubs
Vedie,Himsl,Chicago Cubs
Harry,Craft,Chicago Cubs
El,Tappe,Chicago Cubs
Lou,Klein,Chicago Cubs
Bob,Kennedy,Chicago Cubs
Leo,Durocher,Chicago Cubs
Whitey,Lockman,Chicago Cubs
Jim,Marshall,Chicago Cubs
Joey,Amalfitano,Chicago Cubs
Herman,Franks,Chicago Cubs
Jim,Frey,Chicago Cubs
John,Vukovich,Chicago Cubs
Gene,Michael,Chicago Cubs
Charlie,Fox,Chicago Cubs
Lee,Elia,Chicago Cubs
Preston,Gomez,Chicago Cubs
Joe,Altobelli,Chicago Cubs
Jim,Essian,Chicago Cubs
Don,Zimmer,Chicago Cubs
Frank,Lucchesi,Chicago Cubs
Jim,Lefebvre,Chicago Cubs
Jim,Riggleman,Chicago Cubs
Don,Baylor,Chicago Cubs
Tom,Trebelhorn,Chicago Cubs
Dusty,Baker,Chicago Cubs
Rene,Lachemann,Chicago Cubs
Bruce,Kimm,Chicago Cubs
Lou,Piniella,Chicago Cubs
Rich,Renteria,Chicago Cubs
Mike,Quade,Chicago Cubs
Dale,Sveum,Chicago Cubs
Joe,Maddon,Chicago Cubs
Tom,Loftus,Chicago Orphans
Tom,Burns,Chicago Orphans
Frank,Selee,Chicago Orphans
Hank,O'Day,Chicago Orphans
Johnny,Evers,Chicago Orphans
George,Gibson,Chicago Orphans
Joe,McCarthy,Chicago Orphans
Bill,Killefer,Chicago Orphans
Fred,Mitchell,Chicago Orphans
Charlie,Grimm,Chicago Orphans
Frankie,Frisch,Chicago Orphans
Roy,Johnson,Chicago Orphans
Jimmie,Wilson,Chicago Orphans
Stan,Hack,Chicago Orphans
Bob,Scheffing,Chicago Orphans
Charlie,Metro,Chicago Orphans
Lou,Boudreau,Chicago Orphans
Vedie,Himsl,Chicago Orphans
Harry,Craft,Chicago Orphans
El,Tappe,Chicago Orphans
Lou,Klein,Chicago Orphans
Bob,Kennedy,Chicago Orphans
Leo,Durocher,Chicago Orphans
Whitey,Lockman,Chicago Orphans
Jim,Marshall,Chicago Orphans
Joey,Amalfitano,Chicago Orphans
Herman,Franks,Chicago Orphans
John,Vukovich,Chicago Orphans
Gene,Michael,Chicago Orphans
Charlie,Fox,Chicago Orphans
Lee,Elia,Chicago Orphans
Preston,Gomez,Chicago Orphans
Jim,Frey,Chicago Orphans
Joe,Altobelli,Chicago Orphans
Jim,Essian,Chicago Orphans
Don,Zimmer,Chicago Orphans
Frank,Lucchesi,Chicago Orphans
Jim,Lefebvre,Chicago Orphans
Jim,Riggleman,Chicago Orphans
Don,Baylor,Chicago Orphans
Rene,Lachemann,Chicago Orphans
Tom,Trebelhorn,Chicago Orphans
Dusty,Baker,Chicago Orphans
Mike,Quade,Chicago Orphans
Bruce,Kimm,Chicago Orphans
Lou,Piniella,Chicago Orphans
Rich,Renteria,Chicago Orphans
Dale,Sveum,Chicago Orphans
Joe,Maddon,Chicago Orphans
Jimmy,Callahan,Chicago White Sox
Hugh,Duffy,Chicago White Sox
Pants,Rowland,Chicago White Sox
Kid,Gleason,Chicago White Sox
Lena,Blackburne,Chicago White Sox
Johnny,Evers,Chicago White Sox
Ed,Walsh,Chicago White Sox
Lew,Fonseca,Chicago White Sox
Jimmy,Dykes,Chicago White Sox
Donie,Bush,Chicago White Sox
Ted,Lyons,Chicago White Sox
Jack,Onslow,Chicago White Sox
Marty,Marion,Chicago White Sox
Al,Lopez,Chicago White Sox
Red,Corriden,Chicago White Sox
Paul,Richards,Chicago White Sox
Bill,Adair,Chicago White Sox
Chuck,Tanner,Chicago White Sox
Don,Gutteridge,Chicago White Sox
Les,Moss,Chicago White Sox
Eddie,Stanky,Chicago White Sox
Bob,Lemon,Chicago White Sox
Larry,Doby,Chicago White Sox
Tony,LaRussa,Chicago White Sox
Doug,Rader,Chicago White Sox
Jim,Fregosi,Chicago White Sox
Gene,Lamont,Chicago White Sox
Jeff,Torborg,Chicago White Sox
Jerry,Manuel,Chicago White Sox
Terry,Bevington,Chicago White Sox
Ozzie,Guillen,Chicago White Sox
Robin,Ventura,Chicago White Sox
Don,Cooper,Chicago White Sox
Tom,Loftus,Chicago White Stockings
Tom,Burns,Chicago White Stockings
Frank,Selee,Chicago White Stockings
Hank,O'Day,Chicago White Stockings
Johnny,Evers,Chicago White Stockings
George,Gibson,Chicago White Stockings
Joe,McCarthy,Chicago White Stockings
Bill,Killefer,Chicago White Stockings
Fred,Mitchell,Chicago White Stockings
Charlie,Grimm,Chicago White Stockings
Frankie,Frisch,Chicago White Stockings
Roy,Johnson,Chicago White Stockings
Jimmie,Wilson,Chicago White Stockings
Stan,Hack,Chicago White Stockings
Bob,Scheffing,Chicago White Stockings
Charlie,Metro,Chicago White Stockings
Lou,Boudreau,Chicago White Stockings
Vedie,Himsl,Chicago White Stockings
Harry,Craft,Chicago White Stockings
El,Tappe,Chicago White Stockings
Lou,Klein,Chicago White Stockings
Bob,Kennedy,Chicago White Stockings
Leo,Durocher,Chicago White Stockings
Whitey,Lockman,Chicago White Stockings
Jim,Marshall,Chicago White Stockings
Joey,Amalfitano,Chicago White Stockings
Herman,Franks,Chicago White Stockings
John,Vukovich,Chicago White Stockings
Gene,Michael,Chicago White Stockings
Charlie,Fox,Chicago White Stockings
Lee,Elia,Chicago White Stockings
Preston,Gomez,Chicago White Stockings
Jim,Frey,Chicago White Stockings
Joe,Altobelli,Chicago White Stockings
Jim,Essian,Chicago White Stockings
Don,Zimmer,Chicago White Stockings
Frank,Lucchesi,Chicago White Stockings
Jim,Lefebvre,Chicago White Stockings
Don,Baylor,Chicago White Stockings
Rene,Lachemann,Chicago White Stockings
Tom,Trebelhorn,Chicago White Stockings
Jim,Riggleman,Chicago White Stockings
Dusty,Baker,Chicago White Stockings
Mike,Quade,Chicago White Stockings
Bruce,Kimm,Chicago White Stockings
Jimmy,Wood,Chicago White Stockings
Lou,Piniella,Chicago White Stockings
Rich,Renteria,Chicago White Stockings
Dale,Sveum,Chicago White Stockings
Joe,Maddon,Chicago White Stockings
Ed,Hengel,Chicago/Pittsburgh (Union League)
Gus,Schmelz,Cincinnati Red Stockings
Ollie,Caylor,Cincinnati Red Stockings
Tom,Loftus,Cincinnati Redlegs
Buck,Ewing,Cincinnati Redlegs
Hank,O'Day,Cincinnati Redlegs
Frank,Bancroft,Cincinnati Redlegs
Ned,Hanlon,Cincinnati Redlegs
Bid,McPhee,Cincinnati Redlegs
Clark,Griffith,Cincinnati Redlegs
Jack,Hendricks,Cincinnati Redlegs
Pat,Moran,Cincinnati Redlegs
Christy,Mathewson,Cincinnati Redlegs
Donie,Bush,Cincinnati Redlegs
Bobby,Wallace,Cincinnati Redlegs
Dan,Howley,Cincinnati Redlegs
Burt,Shotton,Cincinnati Redlegs
Chuck,Dressen,Cincinnati Redlegs
Bill,McKechnie,Cincinnati Redlegs
Hank,Gowdy,Cincinnati Redlegs
Bucky,Walters,Cincinnati Redlegs
Luke,Sewell,Cincinnati Redlegs
Johnny,Neun,Cincinnati Redlegs
Jimmy,Dykes,Cincinnati Redlegs
Birdie,Tebbetts,Cincinnati Redlegs
Earle,Brucker,Cincinnati Redlegs
Rogers,Hornsby,Cincinnati Redlegs
Buster,Mills,Cincinnati Redlegs
Dick,Sisler,Cincinnati Redlegs
Mayo,Smith,Cincinnati Redlegs
Fred,Hutchinson,Cincinnati Redlegs
Don,Heffner,Cincinnati Redlegs
Dave,Bristol,Cincinnati Redlegs
Sparky,Anderson,Cincinnati Redlegs
Vern,Rapp,Cincinnati Redlegs
John,McNamara,Cincinnati Redlegs
Russ,Nixon,Cincinnati Redlegs
Tony,Perez,Cincinnati Redlegs
Davey,Johnson,Cincinnati Redlegs
Tommy,Helms,Cincinnati Redlegs
Lou,Piniella,Cincinnati Redlegs
Pete,Rose,Cincinnati Redlegs
Ray,Knight,Cincinnati Redlegs
Bob,Boone,Cincinnati Redlegs
Jack,McKeon,Cincinnati Redlegs
Jerry,Narron,Cincinnati Redlegs
Dave,Miley,Cincinnati Redlegs
Dusty,Baker,Cincinnati Redlegs
Pete,Mackanin,Cincinnati Redlegs
Bryan,Price,Cincinnati Redlegs
Tom,Loftus,Cincinnati Reds
Buck,Ewing,Cincinnati Reds
Hank,O'Day,Cincinnati Reds
Frank,Bancroft,Cincinnati Reds
Ned,Hanlon,Cincinnati Reds
Bid,McPhee,Cincinnati Reds
Clark,Griffith,Cincinnati Reds
Jack,Hendricks,Cincinnati Reds
Pat,Moran,Cincinnati Reds
Christy,Mathewson,Cincinnati Reds
Donie,Bush,Cincinnati Reds
Bobby,Wallace,Cincinnati Reds
Dan,Howley,Cincinnati Reds
Burt,Shotton,Cincinnati Reds
Chuck,Dressen,Cincinnati Reds
Bill,McKechnie,Cincinnati Reds
Hank,Gowdy,Cincinnati Reds
Bucky,Walters,Cincinnati Reds
Luke,Sewell,Cincinnati Reds
Johnny,Neun,Cincinnati Reds
Jimmy,Dykes,Cincinnati Reds
Birdie,Tebbetts,Cincinnati Reds
Earle,Brucker,Cincinnati Reds
Rogers,Hornsby,Cincinnati Reds
Buster,Mills,Cincinnati Reds
Dick,Sisler,Cincinnati Reds
Mayo,Smith,Cincinnati Reds
Fred,Hutchinson,Cincinnati Reds
Don,Heffner,Cincinnati Reds
Dave,Bristol,Cincinnati Reds
Sparky,Anderson,Cincinnati Reds
John,McNamara,Cincinnati Reds
Vern,Rapp,Cincinnati Reds
Russ,Nixon,Cincinnati Reds
Tony,Perez,Cincinnati Reds
Davey,Johnson,Cincinnati Reds
Tommy,Helms,Cincinnati Reds
Lou,Piniella,Cincinnati Reds
Pete,Rose,Cincinnati Reds
Ray,Knight,Cincinnati Reds
Bob,Boone,Cincinnati Reds
Jack,McKeon,Cincinnati Reds
Jerry,Narron,Cincinnati Reds
Dave,Miley,Cincinnati Reds
Dusty,Baker,Cincinnati Reds
Pete,Mackanin,Cincinnati Reds
Bryan,Price,Cincinnati Reds
Joe,Birmingham,Cleveland Blues
Lee,Fohl,Cleveland Blues
Deacon,McGuire,Cleveland Blues
Bill,Armour,Cleveland Blues
Jack,McCallister,Cleveland Blues
Roger,Peckinpaugh,Cleveland Blues
Ossie,Vitt,Cleveland Blues
Steve,O'Neill,Cleveland Blues
Bibb,Falk,Cleveland Blues
Walter,Johnson,Cleveland Blues
Kerby,Farrell,Cleveland Blues
Al,Lopez,Cleveland Blues
Bobby,Bragan,Cleveland Blues
Joe,Gordon,Cleveland Blues
Birdie,Tebbetts,Cleveland Blues
Mel,Harder,Cleveland Blues
Jo-Jo,White,Cleveland Blues
Jimmy,Dykes,Cleveland Blues
Mel,McGaha,Cleveland Blues
George,Strickland,Cleveland Blues
Joe,Adcock,Cleveland Blues
Johnny,Lipon,Cleveland Blues
Ken,Aspromonte,Cleveland Blues
Al,Dark,Cleveland Blues
Frank,Robinson,Cleveland Blues
Jeff,Torborg,Cleveland Blues
Dave,Garcia,Cleveland Blues
Mike,Ferraro,Cleveland Blues
Pat,Corrales,Cleveland Blues
John,McNamara,Cleveland Blues
Doc,Edwards,Cleveland Blues
John,Hart,Cleveland Blues
Mike,Hargrove,Cleveland Blues
Charlie,Manuel,Cleveland Blues
Joel,Skinner,Cleveland Blues
Charlie,Hackett,Cleveland Blues
Jimmy,Williams,Cleveland Blues
Frank,Bancroft,Cleveland Blues
Eric,Wedge,Cleveland Blues
Tom,Loftus,Cleveland Blues
Manny,Acta,Cleveland Blues
Sandy,Alomar,Cleveland Blues
Terry,Francona,Cleveland Blues
Joe,Birmingham,Cleveland Bronchos
Lee,Fohl,Cleveland Bronchos
Deacon,McGuire,Cleveland Bronchos
Bill,Armour,Cleveland Bronchos
Jack,McCallister,Cleveland Bronchos
Roger,Peckinpaugh,Cleveland Bronchos
Ossie,Vitt,Cleveland Bronchos
Steve,O'Neill,Cleveland Bronchos
Bibb,Falk,Cleveland Bronchos
Walter,Johnson,Cleveland Bronchos
Kerby,Farrell,Cleveland Bronchos
Al,Lopez,Cleveland Bronchos
Bobby,Bragan,Cleveland Bronchos
Joe,Gordon,Cleveland Bronchos
George,Strickland,Cleveland Bronchos
Birdie,Tebbetts,Cleveland Bronchos
Mel,Harder,Cleveland Bronchos
Jo-Jo,White,Cleveland Bronchos
Jimmy,Dykes,Cleveland Bronchos
Mel,McGaha,Cleveland Bronchos
Joe,Adcock,Cleveland Bronchos
Johnny,Lipon,Cleveland Bronchos
Ken,Aspromonte,Cleveland Bronchos
Al,Dark,Cleveland Bronchos
Dave,Garcia,Cleveland Bronchos
Frank,Robinson,Cleveland Bronchos
Jeff,Torborg,Cleveland Bronchos
Mike,Ferraro,Cleveland Bronchos
Pat,Corrales,Cleveland Bronchos
John,McNamara,Cleveland Bronchos
Doc,Edwards,Cleveland Bronchos
John,Hart,Cleveland Bronchos
Mike,Hargrove,Cleveland Bronchos
Charlie,Manuel,Cleveland Bronchos
Joel,Skinner,Cleveland Bronchos
Manny,Acta,Cleveland Bronchos
Eric,Wedge,Cleveland Bronchos
Sandy,Alomar,Cleveland Bronchos
Terry,Francona,Cleveland Bronchos
Joe,Birmingham,Cleveland Indians
Lee,Fohl,Cleveland Indians
Deacon,McGuire,Cleveland Indians
Bill,Armour,Cleveland Indians
Jack,McCallister,Cleveland Indians
Roger,Peckinpaugh,Cleveland Indians
Ossie,Vitt,Cleveland Indians
Steve,O'Neill,Cleveland Indians
Bibb,Falk,Cleveland Indians
Walter,Johnson,Cleveland Indians
Joe,Gordon,Cleveland Indians
Kerby,Farrell,Cleveland Indians
Al,Lopez,Cleveland Indians
Bobby,Bragan,Cleveland Indians
Jimmy,Dykes,Cleveland Indians
Mel,McGaha,Cleveland Indians
George,Strickland,Cleveland Indians
Birdie,Tebbetts,Cleveland Indians
Mel,Harder,Cleveland Indians
Jo-Jo,White,Cleveland Indians
Joe,Adcock,Cleveland Indians
Johnny,Lipon,Cleveland Indians
Ken,Aspromonte,Cleveland Indians
Al,Dark,Cleveland Indians
Dave,Garcia,Cleveland Indians
Frank,Robinson,Cleveland Indians
Jeff,Torborg,Cleveland Indians
Mike,Ferraro,Cleveland Indians
Pat,Corrales,Cleveland Indians
John,McNamara,Cleveland Indians
Doc,Edwards,Cleveland Indians
John,Hart,Cleveland Indians
Mike,Hargrove,Cleveland Indians
Joel,Skinner,Cleveland Indians
Charlie,Manuel,Cleveland Indians
Manny,Acta,Cleveland Indians
Eric,Wedge,Cleveland Indians
Sandy,Alomar,Cleveland Indians
Terry,Francona,Cleveland Indians
Joe,Birmingham,Cleveland Naps
Lee,Fohl,Cleveland Naps
Deacon,McGuire,Cleveland Naps
Bill,Armour,Cleveland Naps
Jack,McCallister,Cleveland Naps
Roger,Peckinpaugh,Cleveland Naps
Ossie,Vitt,Cleveland Naps
Steve,O'Neill,Cleveland Naps
Bibb,Falk,Cleveland Naps
Walter,Johnson,Cleveland Naps
Joe,Gordon,Cleveland Naps
Kerby,Farrell,Cleveland Naps
Al,Lopez,Cleveland Naps
Bobby,Bragan,Cleveland Naps
Mel,McGaha,Cleveland Naps
George,Strickland,Cleveland Naps
Birdie,Tebbetts,Cleveland Naps
Mel,Harder,Cleveland Naps
Jo-Jo,White,Cleveland Naps
Jimmy,Dykes,Cleveland Naps
Joe,Adcock,Cleveland Naps
Johnny,Lipon,Cleveland Naps
Ken,Aspromonte,Cleveland Naps
Al,Dark,Cleveland Naps
Dave,Garcia,Cleveland Naps
Frank,Robinson,Cleveland Naps
Jeff,Torborg,Cleveland Naps
Mike,Ferraro,Cleveland Naps
Pat,Corrales,Cleveland Naps
John,McNamara,Cleveland Naps
Doc,Edwards,Cleveland Naps
John,Hart,Cleveland Naps
Mike,Hargrove,Cleveland Naps
Charlie,Manuel,Cleveland Naps
Joel,Skinner,Cleveland Naps
Manny,Acta,Cleveland Naps
Eric,Wedge,Cleveland Naps
Sandy,Alomar,Cleveland Naps
Terry,Francona,Cleveland Naps
Gus,Schmelz,Cleveland Spiders
Bob,Leadley,Cleveland Spiders
Tom,Loftus,Cleveland Spiders
Don,Baylor,Colorado Rockies
Buddy,Bell,Colorado Rockies
Jim,Leyland,Colorado Rockies
Clint,Hurdle,Colorado Rockies
Jim,Tracy,Colorado Rockies
Walt,Weiss,Colorado Rockies
Horace,Phillips,Columbus Buckeyes
Gus,Schmelz,Columbus Buckeyes
Gus,Schmelz,Columbus Solons
Pat,Sullivan,Columbus Solons
Al,Buckenberger,Columbus Solons
Hughie,Jennings,Detroit Tigers
Ed,Barrow,Detroit Tigers
Bill,Armour,Detroit Tigers
George,Stallings,Detroit Tigers
Frank,Dwyer,Detroit Tigers
George,Moriarty,Detroit Tigers
Mickey,Cochrane,Detroit Tigers
Cy,Perkins,Detroit Tigers
Bucky,Harris,Detroit Tigers
Del,Baker,Detroit Tigers
Red,Rolfe,Detroit Tigers
Steve,O'Neill,Detroit Tigers
Bill,Norman,Detroit Tigers
Fred,Hutchinson,Detroit Tigers
Jack,Tighe,Detroit Tigers
Billy,Hitchcock,Detroit Tigers
Joe,Gordon,Detroit Tigers
Bob,Swift,Detroit Tigers
Jimmy,Dykes,Detroit Tigers
Chuck,Dressen,Detroit Tigers
Bob,Scheffing,Detroit Tigers
Mayo,Smith,Detroit Tigers
Billy,Martin,Detroit Tigers
Frank,Skaff,Detroit Tigers
Ralph,Houk,Detroit Tigers
Les,Moss,Detroit Tigers
Dick,Tracewski,Detroit Tigers
Sparky,Anderson,Detroit Tigers
Joe,Schultz,Detroit Tigers
Phil,Garner,Detroit Tigers
Luis,Pujols,Detroit Tigers
Buddy,Bell,Detroit Tigers
Larry,Parrish,Detroit Tigers
Jim,Leyland,Detroit Tigers
Alan,Trammell,Detroit Tigers
Brad,Ausmus,Detroit Tigers
Bob,Leadley,Detroit Wolverines
Bill,Watkins,Detroit Wolverines
Frank,Bancroft,Detroit Wolverines
Jack,Chapman,Detroit Wolverines
Doug,Allison,Elizabeth Resolutes
Rene,Lachemann,Florida Marlins
Cookie,Rojas,Florida Marlins
John,Boles,Florida Marlins
Tony,Perez,Florida Marlins
Jim,Leyland,Florida Marlins
Jack,McKeon,Florida Marlins
Joe,Girardi,Florida Marlins
Jeff,Torborg,Florida Marlins
Fredi,Gonzalez,Florida Marlins
Edwin,Rodriguez,Florida Marlins
Brandon,Hyde,Florida Marlins
Harry,Craft,Houston Astros
Lum,Harris,Houston Astros
Harry,Walker,Houston Astros
Salty,Parker,Houston Astros
Leo,Durocher,Houston Astros
Grady,Hatton,Houston Astros
Preston,Gomez,Houston Astros
Bill,Virdon,Houston Astros
Bob,Lillis,Houston Astros
Art,Howe,Houston Astros
Hal,Lanier,Houston Astros
Larry,Dierker,Houston Astros
Terry,Collins,Houston Astros
Matt,Galante,Houston Astros
Cecil,Cooper,Houston Astros
Jimy,Williams,Houston Astros
Phil,Garner,Houston Astros
Dave,Clark,Houston Astros
Tom,Lawless,Houston Astros
Brad,Mills,Houston Astros
Tony,DeFrancesco,Houston Astros
A. J.,Hinch,Houston Astros
Bo,Porter,Houston Astros
Harry,Craft,Houston Colt .45's
Lum,Harris,Houston Colt .45's
Harry,Walker,Houston Colt .45's
Salty,Parker,Houston Colt .45's
Leo,Durocher,Houston Colt .45's
Grady,Hatton,Houston Colt .45's
Preston,Gomez,Houston Colt .45's
Bill,Virdon,Houston Colt .45's
Bob,Lillis,Houston Colt .45's
Art,Howe,Houston Colt .45's
Hal,Lanier,Houston Colt .45's
Larry,Dierker,Houston Colt .45's
Terry,Collins,Houston Colt .45's
Matt,Galante,Houston Colt .45's
Cecil,Cooper,Houston Colt .45's
Jimy,Williams,Houston Colt .45's
Phil,Garner,Houston Colt .45's
Dave,Clark,Houston Colt .45's
Tom,Lawless,Houston Colt .45's
Brad,Mills,Houston Colt .45's
Tony,DeFrancesco,Houston Colt .45's
A. J.,Hinch,Houston Colt .45's
Bo,Porter,Houston Colt .45's
Bill,Phillips,Indianapolis Hoosiers
Harry,Spence,Indianapolis Hoosiers
Frank,Bancroft,Indianapolis Hoosiers
Watch,Burnham,Indianapolis Hoosiers
Fred,Thomas,Indianapolis Hoosiers
Horace,Fogel,Indianapolis Hoosiers
Jim,Gifford,Indianapolis Hoosiers
Harry,Craft,Kansas City Athletics
Lou,Boudreau,Kansas City Athletics
Hank,Bauer,Kansas City Athletics
Bob,Elliott,Kansas City Athletics
Mel,McGaha,Kansas City Athletics
Haywood,Sullivan,Kansas City Athletics
Eddie,Lopat,Kansas City Athletics
Joe,Gordon,Kansas City Athletics
Luke,Appling,Kansas City Athletics
Al,Dark,Kansas City Athletics
Bill,Watkins,Kansas City Cowboys
Charlie,Metro,Kansas City Royals
Bob,Lemon,Kansas City Royals
Joe,Gordon,Kansas City Royals
Whitey,Herzog,Kansas City Royals
Jack,McKeon,Kansas City Royals
Dick,Howser,Kansas City Royals
Jim,Frey,Kansas City Royals
Mike,Ferraro,Kansas City Royals
Bob,Schaefer,Kansas City Royals
Hal,McRae,Kansas City Royals
Billy,Gardner,Kansas City Royals
John,Wathan,Kansas City Royals
John,Mizerock,Kansas City Royals
Tony,Pena,Kansas City Royals
Tony,Muser,Kansas City Royals
Bob,Boone,Kansas City Royals
Ned,Yost,Kansas City Royals
Trey,Hillman,Kansas City Royals
Buddy,Bell,Kansas City Royals
Bill,Rigney,Los Angeles Angels
Mike,Scioscia,Los Angeles Angels
Bill,Rigney,Los Angeles Angels of Anaheim
Mike,Scioscia,Los Angeles Angels of Anaheim
Walter,Alston,Los Angeles Dodgers
Tom,Lasorda,Los Angeles Dodgers
Glenn,Hoffman,Los Angeles Dodgers
Bill,Russell,Los Angeles Dodgers
Jim,Tracy,Los Angeles Dodgers
Davey,Johnson,Los Angeles Dodgers
Joe,Torre,Los Angeles Dodgers
Grady,Little,Los Angeles Dodgers
Dave,Roberts,Los Angeles Dodgers
Don,Mattingly,Los Angeles Dodgers
John,McCloskey,Louisville Colonels
Bill,McGunnigle,Louisville Colonels
Billy,Barnie,Louisville Colonels
Jack,Chapman,Louisville Colonels
John,Kelly,Louisville Colonels
Mike,Walsh,Louisville Colonels
Mordecai,Davidson,Louisville Colonels
Jim,Hart,Louisville Colonels
Jack,Chapman,Louisville Eclipse
John,Kelly,Louisville Eclipse
Mike,Walsh,Louisville Eclipse
Mordecai,Davidson,Louisville Eclipse
Jim,Hart,Louisville Eclipse
Jack,Chapman,Louisville Grays
Don,Mattingly,Miami Marlins
Ozzie,Guillen,Miami Marlins
Mike,Redmond,Miami Marlins
Dan,Jennings,Miami Marlins
Fred,Haney,Milwaukee Braves
Charlie,Grimm,Milwaukee Braves
Chuck,Dressen,Milwaukee Braves
Birdie,Tebbetts,Milwaukee Braves
Bobby,Bragan,Milwaukee Braves
Charlie,Cushman,Milwaukee Brewers
Dave,Bristol,Milwaukee Brewers
Roy,McMillan,Milwaukee Brewers
Del,Crandall,Milwaukee Brewers
George,Bamberger,Milwaukee Brewers
Harvey,Kuenn,Milwaukee Brewers
Alex,Grammas,Milwaukee Brewers
Buck,Rodgers,Milwaukee Brewers
Tom,Trebelhorn,Milwaukee Brewers
Rene,Lachemann,Milwaukee Brewers
Phil,Garner,Milwaukee Brewers
Davey,Lopes,Milwaukee Brewers
Jim,Lefebvre,Milwaukee Brewers
Ned,Yost,Milwaukee Brewers
Dale,Sveum,Milwaukee Brewers
Tom,Loftus,Milwaukee Brewers
Jerry,Royster,Milwaukee Brewers
Ken,Macha,Milwaukee Brewers
Ron,Roenicke,Milwaukee Brewers
Craig,Counsell,Milwaukee Brewers
Jack,Chapman,Milwaukee Grays
Sam,Mele,Minnesota Twins
Cookie,Lavagetto,Minnesota Twins
Bill,Rigney,Minnesota Twins
Billy,Martin,Minnesota Twins
Cal,Ermer,Minnesota Twins
Frank,Quilici,Minnesota Twins
Gene,Mauch,Minnesota Twins
Billy,Gardner,Minnesota Twins
Ray,Miller,Minnesota Twins
Johnny,Goryl,Minnesota Twins
Tom,Kelly,Minnesota Twins
Ron,Gardenhire,Minnesota Twins
Paul,Molitor,Minnesota Twins
Gene,Mauch,Montreal Expos
Dick,Williams,Montreal Expos
Karl,Kuehl,Montreal Expos
Charlie,Fox,Montreal Expos
Jim,Fanning,Montreal Expos
Buck,Rodgers,Montreal Expos
Bill,Virdon,Montreal Expos
Felipe,Alou,Montreal Expos
Tom,Runnells,Montreal Expos
Jeff,Torborg,Montreal Expos
Frank,Robinson,Montreal Expos
John,Day,New York Giants
Fred,Hoey,New York Giants
Harvey,Watkins,New York Giants
Buck,Ewing,New York Giants
Pat,Powers,New York Giants
Cap,Anson,New York Giants
Arthur,Irwin,New York Giants
John,McGraw,New York Giants
Horace,Fogel,New York Giants
Hughie,Jennings,New York Giants
Bill,Terry,New York Giants
Mel,Ott,New York Giants
Leo,Durocher,New York Giants
Bill,Rigney,New York Giants
Jim,Mutrie,New York Giants
Jim,Price,New York Giants
John,Day,New York Gothams
Fred,Hoey,New York Gothams
Harvey,Watkins,New York Gothams
Buck,Ewing,New York Gothams
Pat,Powers,New York Gothams
Cap,Anson,New York Gothams
Arthur,Irwin,New York Gothams
John,McGraw,New York Gothams
Horace,Fogel,New York Gothams
Hughie,Jennings,New York Gothams
Bill,Terry,New York Gothams
Mel,Ott,New York Gothams
Leo,Durocher,New York Gothams
Bill,Rigney,New York Gothams
Jim,Mutrie,New York Gothams
Jim,Price,New York Gothams
Clark,Griffith,New York Highlanders
George,Stallings,New York Highlanders
Miller,Huggins,New York Highlanders
Art,Fletcher,New York Highlanders
Bill,Donovan,New York Highlanders
Bob,Shawkey,New York Highlanders
Joe,McCarthy,New York Highlanders
Bucky,Harris,New York Highlanders
Johnny,Neun,New York Highlanders
Casey,Stengel,New York Highlanders
Ralph,Houk,New York Highlanders
Yogi,Berra,New York Highlanders
Johnny,Keane,New York Highlanders
Bill,Virdon,New York Highlanders
Dick,Howser,New York Highlanders
Bob,Lemon,New York Highlanders
Billy,Martin,New York Highlanders
Gene,Michael,New York Highlanders
Clyde,King,New York Highlanders
Lou,Piniella,New York Highlanders
Bucky,Dent,New York Highlanders
Stump,Merrill,New York Highlanders
Buck,Showalter,New York Highlanders
Dallas,Green,New York Highlanders
Joe,Torre,New York Highlanders
Joe,Girardi,New York Highlanders
Jim,Gifford,New York Metropolitans
Bob,Ferguson,New York Metropolitans
Jim,Mutrie,New York Metropolitans
Ollie,Caylor,New York Metropolitans
Casey,Stengel,New York Mets
Gil,Hodges,New York Mets
Yogi,Berra,New York Mets
Wes,Westrum,New York Mets
Salty,Parker,New York Mets
Joe,Frazier,New York Mets
Joe,Torre,New York Mets
Roy,McMillan,New York Mets
Davey,Johnson,New York Mets
Frank,Howard,New York Mets
George,Bamberger,New York Mets
Jeff,Torborg,New York Mets
Mike,Cubbage,New York Mets
Bud,Harrelson,New York Mets
Dallas,Green,New York Mets
Bobby,Valentine,New York Mets
Willie,Randolph,New York Mets
Art,Howe,New York Mets
Jerry,Manuel,New York Mets
Terry,Collins,New York Mets
Bill,Craver,New York Mutuals
Clark,Griffith,New York Yankees
George,Stallings,New York Yankees
Miller,Huggins,New York Yankees
Art,Fletcher,New York Yankees
Bill,Donovan,New York Yankees
Bob,Shawkey,New York Yankees
Joe,McCarthy,New York Yankees
Bucky,Harris,New York Yankees
Johnny,Neun,New York Yankees
Casey,Stengel,New York Yankees
Ralph,Houk,New York Yankees
Yogi,Berra,New York Yankees
Johnny,Keane,New York Yankees
Bill,Virdon,New York Yankees
Dick,Howser,New York Yankees
Bob,Lemon,New York Yankees
Billy,Martin,New York Yankees
Gene,Michael,New York Yankees
Clyde,King,New York Yankees
Lou,Piniella,New York Yankees
Bucky,Dent,New York Yankees
Stump,Merrill,New York Yankees
Buck,Showalter,New York Yankees
Dallas,Green,New York Yankees
Joe,Torre,New York Yankees
Joe,Girardi,New York Yankees
Bill,Phillips,Newark Pepper
Dick,Williams,Oakland Athletics
Hank,Bauer,Oakland Athletics
John,McNamara,Oakland Athletics
Bob,Kennedy,Oakland Athletics
Chuck,Tanner,Oakland Athletics
Al,Dark,Oakland Athletics
Jim,Marshall,Oakland Athletics
Jack,McKeon,Oakland Athletics
Bobby,Winkles,Oakland Athletics
Steve,Boros,Oakland Athletics
Billy,Martin,Oakland Athletics
Jackie,Moore,Oakland Athletics
Jeff,Newman,Oakland Athletics
Tony,LaRussa,Oakland Athletics
Art,Howe,Oakland Athletics
Bob,Geren,Oakland Athletics
Ken,Macha,Oakland Athletics
Bob,Melvin,Oakland Athletics
Connie,Mack,Philadelphia Athletics
Earle,Mack,Philadelphia Athletics
Jimmy,Dykes,Philadelphia Athletics
Lew,Simmons,Philadelphia Athletics
Bill,Sharsig,Philadelphia Athletics
Frank,Bancroft,Philadelphia Athletics
Charlie,Mason,Philadelphia Athletics
Al,Wright,Philadelphia Athletics
Al,Reach,Philadelphia Blue Jays
Arthur,Irwin,Philadelphia Blue Jays
Bill,Shettsline,Philadelphia Blue Jays
Billy,Murray,Philadelphia Blue Jays
Pat,Moran,Philadelphia Blue Jays
Burt,Shotton,Philadelphia Blue Jays
Bill,Donovan,Philadelphia Blue Jays
Kaiser,Wilhelm,Philadelphia Blue Jays
Jack,Coombs,Philadelphia Blue Jays
Art,Fletcher,Philadelphia Blue Jays
Doc,Prothro,Philadelphia Blue Jays
Hans,Lobert,Philadelphia Blue Jays
Ben,Chapman,Philadelphia Blue Jays
Bucky,Harris,Philadelphia Blue Jays
Freddie,Fitzsimmons,Philadelphia Blue Jays
Dusty,Cooke,Philadelphia Blue Jays
Eddie,Sawyer,Philadelphia Blue Jays
Terry,Moore,Philadelphia Blue Jays
Steve,O'Neill,Philadelphia Blue Jays
Mayo,Smith,Philadelphia Blue Jays
Andy,Cohen,Philadelphia Blue Jays
Gene,Mauch,Philadelphia Blue Jays
George,Myatt,Philadelphia Blue Jays
Bob,Skinner,Philadelphia Blue Jays
Frank,Lucchesi,Philadelphia Blue Jays
Paul,Owens,Philadelphia Blue Jays
Danny,Ozark,Philadelphia Blue Jays
Pat,Corrales,Philadelphia Blue Jays
Dallas,Green,Philadelphia Blue Jays
John,Felske,Philadelphia Blue Jays
Lee,Elia,Philadelphia Blue Jays
Nick,Leyva,Philadelphia Blue Jays
Jim,Fregosi,Philadelphia Blue Jays
John,Vukovich,Philadelphia Blue Jays
Terry,Francona,Philadelphia Blue Jays
Larry,Bowa,Philadelphia Blue Jays
Charlie,Manuel,Philadelphia Blue Jays
Harry,Wright,Philadelphia Blue Jays
Gary,Varsho,Philadelphia Blue Jays
Ryne,Sandberg,Philadelphia Blue Jays
Pete,Mackanin,Philadelphia Blue Jays
Al,Reach,Philadelphia Phillies
Arthur,Irwin,Philadelphia Phillies
Bill,Shettsline,Philadelphia Phillies
Billy,Murray,Philadelphia Phillies
Pat,Moran,Philadelphia Phillies
Burt,Shotton,Philadelphia Phillies
Bill,Donovan,Philadelphia Phillies
Kaiser,Wilhelm,Philadelphia Phillies
Jack,Coombs,Philadelphia Phillies
Art,Fletcher,Philadelphia Phillies
Doc,Prothro,Philadelphia Phillies
Hans,Lobert,Philadelphia Phillies
Ben,Chapman,Philadelphia Phillies
Bucky,Harris,Philadelphia Phillies
Freddie,Fitzsimmons,Philadelphia Phillies
Dusty,Cooke,Philadelphia Phillies
Eddie,Sawyer,Philadelphia Phillies
Terry,Moore,Philadelphia Phillies
Steve,O'Neill,Philadelphia Phillies
Mayo,Smith,Philadelphia Phillies
Andy,Cohen,Philadelphia Phillies
Gene,Mauch,Philadelphia Phillies
George,Myatt,Philadelphia Phillies
Bob,Skinner,Philadelphia Phillies
Frank,Lucchesi,Philadelphia Phillies
Paul,Owens,Philadelphia Phillies
Danny,Ozark,Philadelphia Phillies
Pat,Corrales,Philadelphia Phillies
Dallas,Green,Philadelphia Phillies
John,Felske,Philadelphia Phillies
Lee,Elia,Philadelphia Phillies
Nick,Leyva,Philadelphia Phillies
Jim,Fregosi,Philadelphia Phillies
John,Vukovich,Philadelphia Phillies
Terry,Francona,Philadelphia Phillies
Larry,Bowa,Philadelphia Phillies
Charlie,Manuel,Philadelphia Phillies
Harry,Wright,Philadelphia Phillies
Gary,Varsho,Philadelphia Phillies
Pete,Mackanin,Philadelphia Phillies
Ryne,Sandberg,Philadelphia Phillies
Al,Reach,Philadelphia Quakers
Arthur,Irwin,Philadelphia Quakers
Bill,Shettsline,Philadelphia Quakers
Billy,Murray,Philadelphia Quakers
Pat,Moran,Philadelphia Quakers
Burt,Shotton,Philadelphia Quakers
Bill,Donovan,Philadelphia Quakers
Kaiser,Wilhelm,Philadelphia Quakers
Jack,Coombs,Philadelphia Quakers
Art,Fletcher,Philadelphia Quakers
Doc,Prothro,Philadelphia Quakers
Hans,Lobert,Philadelphia Quakers
Bucky,Harris,Philadelphia Quakers
Freddie,Fitzsimmons,Philadelphia Quakers
Dusty,Cooke,Philadelphia Quakers
Eddie,Sawyer,Philadelphia Quakers
Ben,Chapman,Philadelphia Quakers
Terry,Moore,Philadelphia Quakers
Steve,O'Neill,Philadelphia Quakers
Mayo,Smith,Philadelphia Quakers
Andy,Cohen,Philadelphia Quakers
Gene,Mauch,Philadelphia Quakers
George,Myatt,Philadelphia Quakers
Bob,Skinner,Philadelphia Quakers
Frank,Lucchesi,Philadelphia Quakers
Paul,Owens,Philadelphia Quakers
Danny,Ozark,Philadelphia Quakers
Pat,Corrales,Philadelphia Quakers
Dallas,Green,Philadelphia Quakers
John,Felske,Philadelphia Quakers
Nick,Leyva,Philadelphia Quakers
Jim,Fregosi,Philadelphia Quakers
John,Vukovich,Philadelphia Quakers
Lee,Elia,Philadelphia Quakers
Terry,Francona,Philadelphia Quakers
Larry,Bowa,Philadelphia Quakers
Charlie,Manuel,Philadelphia Quakers
Harry,Wright,Philadelphia Quakers
Gary,Varsho,Philadelphia Quakers
Ryne,Sandberg,Philadelphia Quakers
Pete,Mackanin,Philadelphia Quakers
Bill,McGunnigle,Pittsburg Alleghenys
Al,Buckenberger,Pittsburg Alleghenys
Bill,Watkins,Pittsburg Alleghenys
Fred,Clarke,Pittsburg Alleghenys
Jimmy,Callahan,Pittsburg Alleghenys
Bill,McKechnie,Pittsburg Alleghenys
George,Gibson,Pittsburg Alleghenys
Donie,Bush,Pittsburg Alleghenys
Hugo,Bezdek,Pittsburg Alleghenys
Frankie,Frisch,Pittsburg Alleghenys
Jewel,Ens,Pittsburg Alleghenys
Pie,Traynor,Pittsburg Alleghenys
Bill,Burwell,Pittsburg Alleghenys
Spud,Davis,Pittsburg Alleghenys
Billy,Meyer,Pittsburg Alleghenys
Bobby,Bragan,Pittsburg Alleghenys
Danny,Murtaugh,Pittsburg Alleghenys
Fred,Haney,Pittsburg Alleghenys
Larry,Shepard,Pittsburg Alleghenys
Harry,Walker,Pittsburg Alleghenys
Alex,Grammas,Pittsburg Alleghenys
Chuck,Tanner,Pittsburg Alleghenys
Bill,Virdon,Pittsburg Alleghenys
Jim,Leyland,Pittsburg Alleghenys
Gene,Lamont,Pittsburg Alleghenys
Lloyd,McClendon,Pittsburg Alleghenys
Pete,Mackanin,Pittsburg Alleghenys
Al,Pratt,Pittsburg Alleghenys
Ormond,Butler,Pittsburg Alleghenys
John,Russell,Pittsburg Alleghenys
Jim,Tracy,Pittsburg Alleghenys
Denny,McKnight,Pittsburg Alleghenys
Horace,Phillips,Pittsburg Alleghenys
Clint,Hurdle,Pittsburg Alleghenys
Bill,McGunnigle,Pittsburgh Pirates
Al,Buckenberger,Pittsburgh Pirates
Bill,Watkins,Pittsburgh Pirates
Fred,Clarke,Pittsburgh Pirates
Hugo,Bezdek,Pittsburgh Pirates
Jimmy,Callahan,Pittsburgh Pirates
Bill,McKechnie,Pittsburgh Pirates
George,Gibson,Pittsburgh Pirates
Donie,Bush,Pittsburgh Pirates
Frankie,Frisch,Pittsburgh Pirates
Jewel,Ens,Pittsburgh Pirates
Pie,Traynor,Pittsburgh Pirates
Bill,Burwell,Pittsburgh Pirates
Spud,Davis,Pittsburgh Pirates
Billy,Meyer,Pittsburgh Pirates
Fred,Haney,Pittsburgh Pirates
Bobby,Bragan,Pittsburgh Pirates
Danny,Murtaugh,Pittsburgh Pirates
Larry,Shepard,Pittsburgh Pirates
Harry,Walker,Pittsburgh Pirates
Alex,Grammas,Pittsburgh Pirates
Chuck,Tanner,Pittsburgh Pirates
Bill,Virdon,Pittsburgh Pirates
Jim,Leyland,Pittsburgh Pirates
Gene,Lamont,Pittsburgh Pirates
Lloyd,McClendon,Pittsburgh Pirates
Pete,Mackanin,Pittsburgh Pirates
John,Russell,Pittsburgh Pirates
Jim,Tracy,Pittsburgh Pirates
Horace,Phillips,Pittsburgh Pirates
Clint,Hurdle,Pittsburgh Pirates
Doc,Gessler,Pittsburgh Rebels
Harry,Wright,Providence Grays
Frank,Bancroft,Providence Grays
Felix,Moses,Richmond Virginians
Pat,Powers,Rochester Broncos
Preston,Gomez,San Diego Padres
Bob,Skinner,San Diego Padres
Al,Dark,San Diego Padres
John,McNamara,San Diego Padres
Don,Zimmer,San Diego Padres
Roger,Craig,San Diego Padres
Dick,Williams,San Diego Padres
Frank,Howard,San Diego Padres
Jerry,Coleman,San Diego Padres
Jim,Riggleman,San Diego Padres
Larry,Bowa,San Diego Padres
Steve,Boros,San Diego Padres
Greg,Riddoch,San Diego Padres
Jack,McKeon,San Diego Padres
Bruce,Bochy,San Diego Padres
Buddy,Black,San Diego Padres
Dave,Roberts,San Diego Padres
Pat,Murphy,San Diego Padres
Andy,Green,San Diego Padres
Bill,Rigney,San Francisco Giants
Tom,Sheehan,San Francisco Giants
Al,Dark,San Francisco Giants
Charlie,Fox,San Francisco Giants
Herman,Franks,San Francisco Giants
Clyde,King,San Francisco Giants
Joe,Altobelli,San Francisco Giants
Wes,Westrum,San Francisco Giants
Danny,Ozark,San Francisco Giants
Frank,Robinson,San Francisco Giants
Dave,Bristol,San Francisco Giants
Jim,Davenport,San Francisco Giants
Roger,Craig,San Francisco Giants
Dusty,Baker,San Francisco Giants
Bruce,Bochy,San Francisco Giants
Felipe,Alou,San Francisco Giants
Darrell,Johnson,Seattle Mariners
Dick,Williams,Seattle Mariners
Rene,Lachemann,Seattle Mariners
Del,Crandall,Seattle Mariners
Maury,Wills,Seattle Mariners
Chuck,Cottier,Seattle Mariners
Marty,Martinez,Seattle Mariners
Jim,Lefebvre,Seattle Mariners
Lou,Piniella,Seattle Mariners
Jim,Snyder,Seattle Mariners
Bill,Plummer,Seattle Mariners
Daren,Brown,Seattle Mariners
Jim,Riggleman,Seattle Mariners
Don,Wakamatsu,Seattle Mariners
John,McLaren,Seattle Mariners
Bob,Melvin,Seattle Mariners
Mike,Hargrove,Seattle Mariners
Scott,Servais,Seattle Mariners
Lloyd,McClendon,Seattle Mariners
Eric,Wedge,Seattle Mariners
Joe,Schultz,Seattle Pilots
Jimmy,Williams,St. Louis Brown Stockings
Ted,Sullivan,St. Louis Brown Stockings
Mase,Graffen,St. Louis Brown Stockings
George,McManus,St. Louis Brown Stockings
Bill,Watkins,St. Louis Browns
Doggie,Miller,St. Louis Browns
Hugh,Nicol,St. Louis Browns
Al,Buckenberger,St. Louis Browns
Louie,Heilbroner,St. Louis Browns
Chris,Von Der Ahe,St. Louis Browns
Lou,Phelan,St. Louis Browns
Harry,Diddlebock,St. Louis Browns
Tim,Hurst,St. Louis Browns
Branch,Rickey,St. Louis Browns
Fielder,Jones,St. Louis Browns
Jimmy,McAleer,St. Louis Browns
Stan,Robison,St. Louis Browns
John,McCloskey,St. Louis Browns
Miller,Huggins,St. Louis Browns
Bill,McKechnie,St. Louis Browns
Jimmy,Burke,St. Louis Browns
Jack,Hendricks,St. Louis Browns
Dan,Howley,St. Louis Browns
Lee,Fohl,St. Louis Browns
Allan,Sothoron,St. Louis Browns
Mike,Gonzalez,St. Louis Browns
Bill,Killefer,St. Louis Browns
Fred,Haney,St. Louis Browns
Ray,Blades,St. Louis Browns
Billy,Southworth,St. Louis Browns
Ski,Melillo,St. Louis Browns
Gabby,Street,St. Louis Browns
Frankie,Frisch,St. Louis Browns
Eddie,Dyer,St. Louis Browns
Muddy,Ruel,St. Louis Browns
Luke,Sewell,St. Louis Browns
Zack,Taylor,St. Louis Browns
Rogers,Hornsby,St. Louis Browns
Fred,Hutchinson,St. Louis Browns
Stan,Hack,St. Louis Browns
Eddie,Stanky,St. Louis Browns
Marty,Marion,St. Louis Browns
Solly,Hemus,St. Louis Browns
Johnny,Keane,St. Louis Browns
Red,Schoendienst,St. Louis Browns
Vern,Rapp,St. Louis Browns
Jack,Krol,St. Louis Browns
Ken,Boyer,St. Louis Browns
Whitey,Herzog,St. Louis Browns
Joe,Torre,St. Louis Browns
Mike,Jorgensen,St. Louis Browns
Tony,LaRussa,St. Louis Browns
Jimmy,Williams,St. Louis Browns
Ted,Sullivan,St. Louis Browns
Mike,Matheny,St. Louis Browns
Tim,Hurst,St. Louis Cardinals
Bill,Watkins,St. Louis Cardinals
Doggie,Miller,St. Louis Cardinals
Hugh,Nicol,St. Louis Cardinals
Al,Buckenberger,St. Louis Cardinals
Chris,Von Der Ahe,St. Louis Cardinals
Lou,Phelan,St. Louis Cardinals
Harry,Diddlebock,St. Louis Cardinals
Louie,Heilbroner,St. Louis Cardinals
Stan,Robison,St. Louis Cardinals
John,McCloskey,St. Louis Cardinals
Miller,Huggins,St. Louis Cardinals
Bill,McKechnie,St. Louis Cardinals
Jack,Hendricks,St. Louis Cardinals
Branch,Rickey,St. Louis Cardinals
Frankie,Frisch,St. Louis Cardinals
Mike,Gonzalez,St. Louis Cardinals
Ray,Blades,St. Louis Cardinals
Gabby,Street,St. Louis Cardinals
Eddie,Dyer,St. Louis Cardinals
Billy,Southworth,St. Louis Cardinals
Marty,Marion,St. Louis Cardinals
Fred,Hutchinson,St. Louis Cardinals
Stan,Hack,St. Louis Cardinals
Eddie,Stanky,St. Louis Cardinals
Solly,Hemus,St. Louis Cardinals
Johnny,Keane,St. Louis Cardinals
Red,Schoendienst,St. Louis Cardinals
Vern,Rapp,St. Louis Cardinals
Jack,Krol,St. Louis Cardinals
Ken,Boyer,St. Louis Cardinals
Whitey,Herzog,St. Louis Cardinals
Joe,Torre,St. Louis Cardinals
Mike,Jorgensen,St. Louis Cardinals
Tony,LaRussa,St. Louis Cardinals
Mike,Matheny,St. Louis Cardinals
Gus,Schmelz,St. Louis Maroons
Ted,Sullivan,St. Louis Maroons
Bill,Watkins,St. Louis Perfectos
Doggie,Miller,St. Louis Perfectos
Hugh,Nicol,St. Louis Perfectos
Al,Buckenberger,St. Louis Perfectos
Louie,Heilbroner,St. Louis Perfectos
Chris,Von Der Ahe,St. Louis Perfectos
Lou,Phelan,St. Louis Perfectos
Harry,Diddlebock,St. Louis Perfectos
Tim,Hurst,St. Louis Perfectos
Stan,Robison,St. Louis Perfectos
John,McCloskey,St. Louis Perfectos
Miller,Huggins,St. Louis Perfectos
Bill,McKechnie,St. Louis Perfectos
Jack,Hendricks,St. Louis Perfectos
Branch,Rickey,St. Louis Perfectos
Mike,Gonzalez,St. Louis Perfectos
Ray,Blades,St. Louis Perfectos
Billy,Southworth,St. Louis Perfectos
Gabby,Street,St. Louis Perfectos
Frankie,Frisch,St. Louis Perfectos
Eddie,Dyer,St. Louis Perfectos
Marty,Marion,St. Louis Perfectos
Fred,Hutchinson,St. Louis Perfectos
Stan,Hack,St. Louis Perfectos
Eddie,Stanky,St. Louis Perfectos
Solly,Hemus,St. Louis Perfectos
Johnny,Keane,St. Louis Perfectos
Red,Schoendienst,St. Louis Perfectos
Vern,Rapp,St. Louis Perfectos
Jack,Krol,St. Louis Perfectos
Ken,Boyer,St. Louis Perfectos
Whitey,Herzog,St. Louis Perfectos
Joe,Torre,St. Louis Perfectos
Mike,Jorgensen,St. Louis Perfectos
Tony,LaRussa,St. Louis Perfectos
Mike,Matheny,St. Louis Perfectos
Andrew,Thompson,St. Paul White Caps
George,Frazer,Syracuse Stars
Wally,Fessenden,Syracuse Stars
Hal,McRae,Tampa Bay Devil Rays
Larry,Rothschild,Tampa Bay Devil Rays
Joe,Maddon,Tampa Bay Devil Rays
Lou,Piniella,Tampa Bay Devil Rays
Kevin,Cash,Tampa Bay Devil Rays
Hal,McRae,Tampa Bay Rays
Larry,Rothschild,Tampa Bay Rays
Lou,Piniella,Tampa Bay Rays
Joe,Maddon,Tampa Bay Rays
Kevin,Cash,Tampa Bay Rays
Ted,Williams,Texas Rangers
Pat,Corrales,Texas Rangers
Frank,Lucchesi,Texas Rangers
Eddie,Stanky,Texas Rangers
Whitey,Herzog,Texas Rangers
Connie,Ryan,Texas Rangers
Del,Wilber,Texas Rangers
Billy,Hunter,Texas Rangers
Billy,Martin,Texas Rangers
Bobby,Valentine,Texas Rangers
Don,Zimmer,Texas Rangers
Doug,Rader,Texas Rangers
Darrell,Johnson,Texas Rangers
Kevin,Kennedy,Texas Rangers
Toby,Harrah,Texas Rangers
Jerry,Narron,Texas Rangers
Johnny,Oates,Texas Rangers
Buck,Showalter,Texas Rangers
Ron,Washington,Texas Rangers
Tim,Bogar,Texas Rangers
Jeff,Banister,Texas Rangers
Charlie,Morton,Toledo Maumees
Roy,Hartsfield,Toronto Blue Jays
Jimy,Williams,Toronto Blue Jays
Bobby,Cox,Toronto Blue Jays
Bobby,Mattick,Toronto Blue Jays
Gene,Tenace,Toronto Blue Jays
Cito,Gaston,Toronto Blue Jays
Carlos,Tosca,Toronto Blue Jays
Buck,Martinez,Toronto Blue Jays
Tim,Johnson,Toronto Blue Jays
Jim,Fregosi,Toronto Blue Jays
Mel,Queen,Toronto Blue Jays
John,Gibbons,Toronto Blue Jays
John,Farrell,Toronto Blue Jays
Horace,Phillips,Troy Trojans
Nick,Young,Washington Blue Legs
Gus,Schmelz,Washington Nationals
Billy,Barnie,Washington Nationals
Arthur,Irwin,Washington Nationals
Walter,Hewett,Washington Nationals
Holly,Hollingshead,Washington Nationals
Ted,Sullivan,Washington Nationals
John,Bickerton,Washington Nationals
Manny,Acta,Washington Nationals
John,Gaffney,Washington Nationals
Frank,Robinson,Washington Nationals
Mike,Scanlon,Washington Nationals
Jim,Riggleman,Washington Nationals
Dusty,Baker,Washington Nationals
Matt,Williams,Washington Nationals
John,McLaren,Washington Nationals
Davey,Johnson,Washington Nationals
Nick,Young,Washington Olympics
Gus,Schmelz,Washington Senators
Billy,Barnie,Washington Senators
Arthur,Irwin,Washington Senators
Joe,Cantillon,Washington Senators
Tom,Loftus,Washington Senators
Clark,Griffith,Washington Senators
Jim,Manning,Washington Senators
Jimmy,McAleer,Washington Senators
Walter,Johnson,Washington Senators
George,McBride,Washington Senators
Bucky,Harris,Washington Senators
Joe,Kuhel,Washington Senators
Ossie,Bluege,Washington Senators
Cookie,Lavagetto,Washington Senators
Chuck,Dressen,Washington Senators
Mickey,Vernon,Washington Senators
Eddie,Yost,Washington Senators
Gil,Hodges,Washington Senators
Jim,Lemon,Washington Senators
Ted,Williams,Washington Senators
Manny,Acta,Washington Senators
Frank,Robinson,Washington Senators
Jim,Riggleman,Washington Senators
Dusty,Baker,Washington Senators
Matt,Williams,Washington Senators
John,McLaren,Washington Senators
Davey,Johnson,Washington Senators
Sam,Trott,Washington Statesmen
Joe,Simmons,Wilmington Quicksteps
Frank,Bancroft,Worcester Ruby Legs
Freeman,Brown,Worcester Ruby Legs
Jack,Chapman,Worcester Ruby Legs
